timestamp,odom_roll,odom_pitch,odom_yaw,odom_vx,odom_vy,odom_vz,imu_roll,imu_pitch,imu_yaw,filtered_roll,filtered_pitch,filtered_yaw,filtered_vx,filtered_vy,filtered_vz
1752109489.1244867,0.0,0.0,0.00821694870439053,0.01959105690746321,0.007826725834491576,0.0,-0.07216752950293458,-1.5180093156879126,-1.4895020902843403,3.1057365107039825,0.5897410164727526,0.007018284779131798,0.0036741477420682875,-0.003957928208598243,-0.002330845130293708
1752109489.2244828,0.0,0.0,0.008651401668523791,-0.012007383415645551,-0.0031641627687376416,0.0,-0.18583716945395662,-1.5230769875068133,-1.3756973593690425,3.1000130252429727,0.3931666597642746,0.007643758733162365,0.006773844423678632,-0.004283463460567082,-0.0038821089170808397
1752109489.324496,0.0,0.0,0.009370430421161069,0.020496680775455876,0.0037800000269676347,0.0,-0.4648714404702661,-1.5295041036151318,-1.0964326801720947,3.1002619009722228,0.4090169324066174,0.008097682131499084,0.002440137311152337,-0.0021373692742292856,-0.0019088336735655395
1752109489.4245038,0.0,0.0,0.009747130007088297,0.00229090005772899,0.016397555395239915,0.0,-0.7942955417161547,-1.5358053905640163,-0.7665507723193814,3.1023175459483134,0.5318008476139648,0.008674643937112593,0.005927162600794371,-0.0019596065291874994,-0.003519642671425842
1752109489.5245104,0.0,0.0,0.010084093974147567,-0.004016543494372482,-0.004041120412582308,0.0,-0.32614202894992006,-1.5326307004102568,-1.233839916851804,3.102819403846805,0.4806014454418222,0.009128576007504385,0.005103888545090838,-0.004380740463529932,-0.0029430141450555365
1752109489.624474,0.0,0.0,0.010805082045946946,0.010309886504910264,0.016812228717420816,0.0,-1.0231048746068938,-1.5320981475873527,-0.5362630685260172,3.103036158091445,0.4799985177682542,0.009465853092796904,0.0032849806997957893,-0.0024040949467202914,-0.0018488069862381007
1752109489.7244816,0.0,0.0,0.011219357622198198,0.00031353974780161544,0.006666194837089465,0.0,-0.8042223148520402,-1.534261840125053,-0.7547938477005494,3.10363766705696,0.6822285464720365,0.010161406055220203,0.004116633993917127,-0.00495012273692495,-0.002935343061764487
1752109489.8578103,0.0,0.0,0.011734805503098049,0.0141321744381989,-0.004434171739551149,0.0,-0.37607852569994277,-1.5275962817892843,-1.1819374866082508,3.1022729701156937,0.5931560802984617,0.010659916525364911,0.004392378908558618,-0.004540649276777508,-0.0030395324504516276
1752109489.924551,0.0,0.0,0.012148193123408929,-0.005329653126239788,0.0033987675100876514,0.0,-0.6693872585107032,-1.5325118463127057,-0.8884814999084995,3.1024293061633124,0.6049113615861172,0.08922432094716637,0.004412796415219405,-0.004486563372251134,-0.0030775441305207975
1752109490.057824,0.0,0.0,0.012752814219702549,-0.0021383444102679528,0.009715841656391873,0.0,-0.9101261678062483,-1.5389397106583285,-0.6473183582584912,3.105167360619154,0.7123371789674596,0.011531542735144115,0.0026436417699822745,-0.003626728576323367,-0.0021355730648585044
1752109490.1244912,0.0,0.0,0.01326897437405448,0.021997028968859807,0.0027852137507552166,0.0,-0.5550080194205098,-1.5313961507111558,-1.0019465424432792,3.1045541303079975,0.6739171493750856,0.11239867150237573,0.0026297714867982926,-0.003543898084437723,-0.0020696884806690402
1752109490.1911447,0.0,0.0,0.013654271300956604,0.002745666253983417,0.003021606883137349,0.0,-0.9682985722956479,-1.5361956458271238,-0.588215349007715,3.1047710494973524,0.6736905792827821,0.012837107645954138,0.004125516556506044,-0.003116468945469172,-0.003511768536075489
1752109490.3246346,0.0,0.0,0.01409690934910766,0.0034452473783195023,0.014419716146377307,0.0,-0.6495575617561674,-1.532162073552821,-0.9064310951072792,3.1054361500154926,0.7886483112873636,0.012718511965336356,0.0038617162201000587,-0.002992088684520228,-0.003599852425626074
1752109490.4244835,0.0,0.0,0.01435379111096398,0.00023044777492890379,-0.000923569447246636,0.0,-0.29111730859162954,-1.5425862760549207,-1.2643458588339707,3.1079783142756465,0.6391989874734488,0.01347190849218372,0.003471257444989135,-0.0041215594629334515,-0.0030177828428270548
1752109490.524473,0.0,0.0,0.014790745611134382,0.008527394168714373,0.007109050167748548,0.0,-0.7615573946712082,-1.5334844280371902,-0.7935756208531574,3.1070172750378546,0.6722939829945432,0.013697150860501052,0.002856254123432996,-0.003207520967194918,-0.0025551248440131838
1752109490.624491,0.0,0.0,0.015452631543892892,0.010684795064203953,0.0020222248603151446,0.0,-0.14321660398335267,-1.5343131327384645,-1.410668911467612,3.1067449288656643,0.5154772338312599,0.014175647576809336,0.003386649794519141,-0.0035066642261534155,-0.002747623245186102
1752109490.6911528,0.0,0.0,0.01593861239051266,-0.004345563018489682,0.005705110571065305,0.0,-0.8206969398569424,-1.5283405469992741,-0.732895772477463,3.1069017933948135,0.5151090359159827,0.015042694756265624,0.004119684140025807,-0.0031277650529550104,-0.0030571555022572685
1752109490.8245249,0.0,0.0,0.016443953135297496,0.019693469013020697,0.02515529005550215,0.0,-0.5819369298700247,-1.5346203786160049,-0.9711704974611308,3.105761050145306,0.5698117384000182,0.015052297850132401,0.0031031235512821976,-0.003434068375323908,-0.0025222145823529316
1752109490.9244783,0.0,0.0,0.01689220907700298,0.002110335681744582,-0.008069736117464341,0.0,-0.7623342994234751,-1.5356431043275345,-0.7904088879119491,3.106048647466114,0.6222261188031717,0.01589106437273769,0.004335483707450046,-0.0055160180260579285,-0.003458330170463846
1752109491.0244772,0.0,0.0,0.01739014836363275,-0.00032392395486737207,-0.0003568922881565745,0.0,-0.23807885185060465,-1.5301738918589147,-1.3136035072765946,3.104579141879949,0.4934390147654657,0.01637651193038403,0.004043190409986808,-0.003676190770133546,-0.002911002163278051
1752109491.1244931,0.0,0.0,0.01782986558488358,0.016133360911624876,0.007628909583714192,0.0,-0.5703488520833764,-1.5350298312919126,-0.9811818972458245,3.1050990807642265,0.508721445513051,0.016835889455559357,0.0034036306583362236,-0.003007457199795265,-0.002466518011055349
1752109491.2245448,0.0,0.0,0.01837056584552063,0.004669939105541504,0.021003610636878046,0.0,-1.1227413499576007,-1.5229616274753905,-0.4283448559565199,3.1053609588166724,0.508027945605541,0.01727540078024425,0.00463867456478041,-0.0033662452154304178,-0.0031478352432668453
1752109491.3244796,0.0,0.0,0.018753889739236085,-0.006466757184495196,-0.013622170525414415,0.0,-1.0038825917213499,-1.5268737689875194,-0.5468984000919856,3.10019701244987,0.8135490464540664,0.01763769262395875,0.0042153247706436464,-0.005295994679259335,-0.0035187354544683564
1752109491.4244957,0.0,0.0,0.019364999943372947,0.02471187713203414,0.021575568479039502,0.0,-0.5325560561593019,-1.5336120336660475,-1.0171798444025342,3.1019102160135112,0.7034490804955159,0.01809946358182612,0.00323539439231543,-0.002933026196476449,-0.002127609104882828
1752109491.5244784,0.0,0.0,0.01980666943626743,0.005193554955448105,-0.01703108692990628,0.0,-0.8320092450175618,-1.532910685400505,-0.7175545105922356,3.102189374602247,0.7316831001051868,0.01875971236343643,0.004837349711671642,-0.004762670942817411,-0.0038976670300429127
1752109491.6244862,0.0,0.0,0.02032473830133722,-0.019519289673820616,0.003050592157413682,0.0,-0.18980694537286746,-1.5416232260100817,-1.358675612081643,3.103414895327248,0.6668412334845989,0.01912774789921689,0.004709750595767988,-0.002194982138198838,-0.003629334305862154
1752109491.7259798,0.0,0.0,0.020912121183878432,0.02926536531126396,0.0065661221740663306,0.0,-0.6591719887542901,-1.5360872487878432,-0.8891093043463316,3.104250181196069,0.664970733280178,0.01969013183065016,0.0024245916477990295,-0.0021600432511371917,-0.0016514039166588342
1752109491.791151,0.0,0.0,0.02132630329097385,0.006396775819578736,0.019308916221352748,0.0,-0.654882324039158,-1.5090393286038408,-0.8924227678228327,3.104425575969824,0.6645640468326206,0.020504681475524752,0.004535104084894522,-0.002421431761821813,-0.003563475354613345
1752109491.8911817,0.0,0.0,0.0216956279162312,0.00926062392520123,0.0061059416522723205,0.0,-0.6178793970327602,-1.52447301379156,-0.9288141889915135,3.093018481946258,0.6594677232235432,0.020758196577077555,0.004683207506967756,-0.00403008366138763,-0.003782356737830719
1752109492.0244997,0.0,0.0,0.02227674120763301,0.038384777217472514,0.0052344419161053785,0.0,-0.6452508730423017,-1.533531731725916,-0.9011712458757898,3.0948587658536395,0.6438332013088073,0.02091905161572205,0.004946866019441511,-0.004102355971106462,-0.0040073250912686185
1752109492.1245122,0.0,0.0,0.022643877459299667,0.012020132086866994,-0.006109422881407863,0.0,-0.5665967699051399,-1.5464569226568552,-0.9790457272183223,3.0977472032259517,0.633702991210123,0.021535958672849197,0.0073267773016209075,-0.0038056241367144354,-0.005960555674685227
1752109492.2244973,0.0,0.0,0.023228775565995858,-0.00826211878311095,0.014511784845292409,0.0,-0.5811117687413035,-1.5291276112293846,-0.9640170446356596,3.0983714372333218,0.6257718870323199,0.022008986676317573,0.007458106375084411,-0.0026666016134760085,-0.00595582400203747
1752109492.2911444,0.0,0.0,0.02371031728152592,0.006253418218820178,0.009765562816860862,0.0,-0.5864324778344792,-1.5468627621743256,-0.9581085232384703,3.098575807693013,0.6254859776556968,0.022805593711578986,0.005940715415375119,-0.003757179472590631,-0.00473031580504604
1752109492.4249372,0.0,0.0,0.024091737865233488,0.00027545879260810655,-0.01724933529187184,0.0,-0.5805075960699506,-1.5376527358453063,-0.9638031122620236,3.109541174503411,0.6003697180692285,0.022977797594515344,0.006106475320029361,-0.004433863378062147,-0.004797234536722713
1752109492.526028,0.0,0.0,0.024701654416880405,0.012556887586770699,0.01719651668819446,0.0,-0.7236958318845257,-1.5174583324724644,-0.8200744904249563,3.1031682590768295,0.6379101455983779,0.02359871759998145,0.005158367399225168,-0.001972088685335554,-0.004021150387168458
1752109492.6269703,0.0,0.0,0.0250226652781653,0.026103616005417815,0.024015583781795014,0.0,-0.6699296388526385,-1.5312135393005148,-0.8733043494827759,3.1029597806886127,0.6426083519482716,0.02405401149337872,0.0054401472719209296,-0.0031170429559652366,-0.0043147980040757
1752109492.7629797,0.0,0.0,0.025534365938260233,0.006312751638824407,0.001268619514910306,0.0,-0.40936198874792434,-1.5456342196373867,-1.1331112517050563,3.107668081407745,0.5633815898732598,0.024473119813658968,0.007037173476822506,-0.004828415989928946,-0.005548758088563227
1752109492.9245336,0.0,0.0,0.025904920947998643,-0.00804194910845772,0.004719959525393138,0.0,-0.7164534708996602,-1.527426077684283,-0.8253009341754057,3.1007496509618218,0.6503017114188374,0.024820488644559095,0.005435185132452881,-0.004595212588640672,-0.00450285700009777
1752109493.0245636,0.0,0.0,0.026531184639936745,0.01954392200645014,0.008994535385621252,0.0,-0.5251206223665528,-1.5417816509009048,-1.0159587135411248,3.1029880492771458,0.6272021635544107,0.02590753656910126,0.006064712273666293,-0.004597431518665482,-0.004975881916378698
1752109493.1244895,0.0,0.0,0.02702166171730001,0.003691697134712905,-0.004841346123526243,0.0,-0.8157020532463806,-1.5272730902838076,-0.7250897328096757,3.1021954355224324,0.6584084684082927,0.026490309207499067,0.005608902596150854,-0.0036084280624676885,-0.004591432106717634
1752109493.2256916,0.0,0.0,0.027480033099888303,0.022371851991036206,-0.0011682727275452635,0.0,-0.48550989452529747,-1.54166837564843,-1.0546264281132542,3.106811094134674,0.5848916151232035,0.02697716102878901,0.006864281637993586,-0.002965940546752691,-0.005479480482103829
1752109493.3245018,0.0,0.0,0.027850463795806364,-0.011397924703735744,0.0055242448606034195,0.0,-0.7672410953068081,-1.526360874127007,-0.7725923918675175,3.1050827583753735,0.6193095522324019,0.027109085533138177,0.004949451756577676,-0.0032110073262086817,-0.004043175767787362
1752109493.3911543,0.0,0.0,0.02830834678864669,0.01098687411779723,0.01667163337530142,0.0,-0.34759961983500226,-1.5432426009690592,-1.1913064335989343,3.105164156957402,0.6190273376230406,0.027808342972133193,0.004945024095200541,-0.0038462295527745965,-0.0040230989378201906
1752109493.4580016,0.0,0.0,0.028817432506073586,-5.01341254849185e-05,-0.024626034356849846,0.0,-0.3479468538330398,-1.5432351467494456,-1.1909590227919815,3.109101330179314,0.5055467339690822,0.028404154522188474,0.004684899980834175,-0.0010317062348496235,-0.0033606361999335625
1752109493.5244904,0.0,0.0,0.029123215701378807,0.016919333808787598,0.018986389262510044,0.0,-0.6775026887328689,-1.5326146408624268,-0.8611774120031395,3.1074781151967903,0.5555009563316947,0.12559332366971265,0.004638011038813347,-0.0009449345829366125,-0.0034251779571067157
1752109493.6245198,0.0,0.0,0.029618060215085486,-0.001618893632697088,0.01137367971620419,0.0,-0.6150413537785829,-1.5453641567166863,-0.922927853934972,3.1085539333443357,0.5614963771313404,0.028518899203954,0.00545308369989873,-0.0024940872821327827,-0.003949159379223111
1752109493.7244875,0.0,0.0,0.030080552777904234,0.00919888587820523,0.008369370489031093,0.0,-0.6921874693180675,-1.5260789287271879,-0.8453752285267211,3.106050922364785,0.5915850092163838,0.02912662986497593,0.004664757617686009,-0.0032487635757523776,-0.0034182808161358296
1752109493.824507,0.0,0.0,0.03054953799574774,0.015841821386456546,-0.0012200649700558682,0.0,-0.6717152413781385,-1.5404403871993135,-0.8652821738105719,3.107224449198001,0.6038417330187262,0.029564580389074276,0.004787372297706798,-0.003564585674943972,-0.0035272442788033694
1752109493.8911507,0.0,0.0,0.031013521027982806,0.01121096726882613,0.007267796885110109,0.0,-0.5732687394821163,-1.5163358103957498,-0.9630581336897909,3.1074544876712054,0.603464446364408,0.03020571092026936,0.00549129115883131,-0.0029796452831365693,-0.004052218234482697
1752109493.9594827,0.0,0.0,0.03130729679269268,-0.026190661725600133,-0.0001717197366545856,0.0,-0.6031269455095701,-1.5255313602568108,-0.9329352915264798,3.1006836874128405,0.5926534806005896,0.030661085909966957,0.005999438939682095,-0.003402291790077012,-0.004442542869041398
1752109494.0926707,0.0,0.0,0.031692706076559,0.016191424362657483,0.0009652153064597752,0.0,-0.642751121326012,-1.5387799759719862,-0.8926984193999055,3.099699305908251,0.5946947302629697,0.03054759423493715,0.0032491213052740506,-0.003125486696361611,-0.002249400656858986
1752109494.2578142,0.0,0.0,0.032026485580790603,0.008960228735820194,0.014969069071197699,0.0,-0.6835713971191655,-1.5206849063779393,-0.8515149045671642,3.099111642165793,0.6195501348781715,0.03081540783814818,0.00438680966661368,-0.0033577438792725695,-0.003210722471544165
1752109494.3979719,0.0,0.0,0.03268119964192147,0.021238296491621383,-0.002637439185303702,0.0,-0.6725206522623272,-1.5353985676835469,-0.8620044525866555,3.102635981491966,0.6428709909714952,0.031914511367785434,0.005563529630813979,-0.0030746709214610874,-0.004224951761647716
1752109494.5578365,0.0,0.0,0.03350594947205444,0.026717910806480866,0.011238048328559149,0.0,-0.8409411709373027,-1.5174483650129014,-0.6927231717127169,3.0944325607813585,0.7445089912159952,0.032332272134585775,0.004345251156084035,-0.003291016278883066,-0.0034026695242926498
1752109494.6245987,0.0,0.0,0.0340664435479576,0.01305272979328745,0.016231134696640732,0.0,-0.717079511382333,-1.5315455708387942,-0.8160784306895564,3.0954897135136274,0.7403148417192673,0.1168571596361732,0.004340096171109656,-0.003275272595489715,-0.0033947190771455456
1752109494.7244797,0.0,0.0,0.03428433653435114,0.007105256428491599,-0.015180196647904204,0.0,-0.2659225618438801,-1.541454924021092,-1.2666504868559376,3.101059533005243,0.589453475574179,0.03350873637535835,0.005166183662190406,-0.004375306974180664,-0.004248000585565877
1752109494.8640049,0.0,0.0,0.034800879500405356,-0.009754075341387138,0.001803268701190667,0.0,-0.8104033928889034,-1.5296433765294994,-0.7220050393360795,3.100923082219486,0.6851003678150197,0.03370830378170365,0.004836343624738629,-0.0021940115336747746,-0.0040194963636570324
1752109494.924502,0.0,0.0,0.03537486458008447,0.014970684474641373,0.0027232981045013224,0.0,-0.5151719961756357,-1.538718836160497,-1.0166285610802503,3.102120585591539,0.6631161141260633,0.08759700117942515,0.00485182945332831,-0.002157383585888567,-0.00401084204135402
1752109494.9915025,0.0,0.0,0.0358267211754575,-0.0029231936309842225,0.020939395158082935,0.0,-0.890719592177139,-1.5149436210043428,-0.6406622098555407,3.102315166336586,0.6627172888451452,0.03501548649941233,0.004633684646321597,-0.001920325148397046,-0.0037870696226458243
1752109495.1592777,0.0,0.0,0.03619420473015812,0.017379146085368554,0.015221572041660586,0.0,-0.7515292027710638,-1.5265643801421063,-0.7792945962773361,3.0976016313968513,0.7319381486549752,0.03479552133095166,0.003943675190808009,-0.003798824043453929,-0.003410577432039561
1752109495.2299788,0.0,0.0,0.0365844762412965,0.021635389766731773,-0.0024498659895237276,0.0,-0.41289469209473695,-1.5404077806682117,-1.1172559087688445,3.101434047969568,0.6445244181557195,0.03587759487125286,0.004152819593116401,-0.004114172600017485,-0.0035404628980591764
1752109495.3582442,0.0,0.0,0.03696565549208963,0.018510918627973424,0.0034556015887472853,0.0,-0.7887735346140262,-1.5286146807391638,-0.7413266869562191,3.101204304941475,0.6631384647469108,0.03600585617799012,0.005292347941442489,-0.003772795006161665,-0.004552786726240258
1752109495.4245558,0.0,0.0,0.037434581735735294,0.00031798293380667794,0.005759705700428045,0.0,-0.2700690493050298,-1.5408786805583816,-1.25921934792239,3.1040134806286,0.5639787743151761,0.08011713352786076,0.005372479348835787,-0.0037769806286294923,-0.004485341538149904
1752109495.4911516,0.0,0.0,0.03769508696764061,0.004453002406807794,-0.000391430640801199,0.0,-0.8691644330261424,-1.5234622725035933,-0.659918942457292,3.1042137249362565,0.563691830070387,0.037084394352920214,0.0049408100440705505,-0.0036435788159813833,-0.003937651685364083
1752109495.6578329,0.0,0.0,0.03815255846071095,-0.014427043249040847,0.003438852764787212,0.0,-0.7357615095998506,-1.5307555263400288,-0.7928834188664377,3.1000689517699556,0.7182545697248006,0.036679469409293564,0.00476362943323041,-0.0032704825807866413,-0.004117095765366387
1752109495.725632,0.0,0.0,0.038790389900066315,0.0428539414164342,-0.013656941619944017,0.0,-0.2631610339352707,-1.5406092902642181,-1.2646391406863182,3.1041325612360158,0.5603887989079137,0.03777596454631116,0.003348700045390235,-0.0028897969656193974,-0.0023393276144583106
1752109495.8244934,0.0,0.0,0.03915629099917278,-0.01987652869786513,0.022077037594711277,0.0,-0.7339975834995103,-1.5319884508878825,-0.7935796383993718,3.103824870212595,0.6247988551325445,0.03822977234780112,0.004899654035847946,-0.0018545490288207332,-0.003494836667603492
1752109495.9244866,0.0,0.0,0.039547993664812736,0.03685156561860427,0.0001579043195055297,0.0,-0.26367569940709806,-1.5396683494341,-1.2630806841172928,3.105451215709122,0.5547847048959634,0.03871518968252196,0.0034094195886961456,-0.002939930445036144,-0.0021783813250245104
1752109496.0269816,0.0,0.0,0.040031401401573075,-0.008126012321062403,-0.002338098876690877,0.0,-1.0114634434660754,-1.516706374260174,-0.5150431774989055,3.105791556285552,0.5542351985108479,0.039095769330770296,0.005986773363354879,-0.00251252684513982,-0.003967881012708308
1752109496.2245266,0.0,0.0,0.04027774077955028,-0.003260505661362175,-0.0046854739957934285,0.0,-0.6400417055317073,-1.5342277818527132,-0.885477750526842,3.1004630793718393,0.7074891753968424,0.03905131299888787,0.0044454751321676604,-0.0016969876939630743,-0.0030828668594761487
1752109496.2911518,0.0,0.0,0.0407940167560502,0.02400741444042709,0.012492866656157597,0.0,-0.7993367997953408,-1.5300955735828934,-0.7258567591123434,3.1005171837291687,0.7070726613974303,0.04042221893872755,0.004615070058787743,-0.00189095610338606,-0.0034434982891083862
1752109496.4248755,0.0,0.0,0.04123669906080435,0.0038186161578805454,0.003924541966442558,0.0,-0.6659328996673208,-1.5431753258127883,-0.8588870182184482,3.105364833718845,0.7141341308305543,0.04054484372076316,0.004510448111238441,-0.0020245338347833126,-0.0034060641552653053
1752109496.5244884,0.0,0.0,0.041505032230077635,-0.0056608021395694545,0.022797458915105883,0.0,-0.6821345883274867,-1.5289757235377848,-0.8422855773720979,3.1037400086739098,0.7029718500148885,0.040980455624535665,0.003392289128019683,-0.003982048455656233,-0.0024257603336861897
1752109496.5911517,0.0,0.0,0.042040408952540215,0.017271898276694786,-0.02382967869557597,0.0,-0.25148015281089076,-1.5461254972198528,-1.2721020577424051,3.1038993933816457,0.70264135857083,0.04168937023406595,0.0037808809810830836,-0.002033380254234031,-0.002804521903816281
1752109496.7578235,0.0,0.0,0.042929820887319836,-0.0009921706329378273,0.009533220064973352,0.0,-0.5877199423735081,-1.5343923743624464,-0.9356736317507448,3.108934231450407,0.536020041023983,0.041790532090461234,0.003556716179799622,-0.0022295721024322246,-0.002345142185037505
1752109496.7939909,0.0,0.0,0.04329066239440147,0.028406792400236833,0.013359998296991386,0.0,-0.775417360473959,-1.538044549266396,-0.7475362864014724,3.1090300995446114,0.535829771367306,0.041604067819361205,0.0035441036405950005,-0.0022153046871074473,-0.002330195194045878
1752109496.9289753,0.0,0.0,0.043664259974322925,-0.0032994656395539724,0.000477961524101314,0.0,-0.48988761984967355,-1.5281273016656949,-1.0324050034446286,3.1051347509250924,0.5392170373358853,0.12220696496559344,0.0049606586036106525,-0.0032452787396940806,-0.0032676406194371618
1752109497.057853,0.0,0.0,0.044007321655733296,0.01795274005536224,0.012377677445249938,0.0,-0.8168071570485136,-1.533709432982832,-0.7052843809897459,3.105399861661084,0.5776570329904221,0.043185996231611234,0.0044346837507308785,-0.003193356471417486,-0.0029068126878315313
1752109497.1609783,0.0,0.0,0.044397239470696695,0.012000737164181317,-0.005625675038406589,0.0,0.01893385779962831,-1.5263436028843818,-1.53966089074439,3.1056460206750076,0.5770360905882155,0.04387731075161926,0.00523998755584331,-0.0025572517405362807,-0.0034866015351384576
1752109497.3578146,0.0,0.0,0.045365775404780866,0.018039981529876115,0.008963824273026388,0.0,-0.49179815439683844,-1.5337820188289542,-1.0289620357018507,3.1035298294235574,0.35500148938276904,0.04418817078815218,0.004697050210043593,-0.0036130851887967988,-0.0026301355247400128
1752109497.391971,0.0,0.0,0.045671549387496076,-0.009829462415975737,-0.009927896556097597,0.0,-0.8506766459414541,-1.5378539210211235,-0.6698562097972682,3.1036306371118174,0.3548338347163513,0.04404396158071311,0.004698671510161834,-0.003617251797370526,-0.0026213941470902466
1752109497.5245092,0.0,0.0,0.04584164354756409,-0.004824356198593238,0.008710402691641528,0.0,-0.4463691102867746,-1.5324874976665388,-1.0734516165423305,3.104672062082839,0.4276920132022407,0.04510243919367384,0.0032830457815331174,-0.0021114553091412538,-0.001830312670798886
1752109497.5923398,0.0,0.0,0.046427073711918065,0.027453447306397982,0.008427318028296276,0.0,-1.0728497046168057,-1.5307734221477192,-0.4468904746677948,3.1049502750074733,0.42730120275210076,0.04555023915396549,0.0023415625573869835,-0.002560760123490896,-0.0012946220598923355
1752109497.6925323,0.0,0.0,0.04687873586360364,0.013928137895019517,0.009889840096728659,0.0,-0.8587190659064353,-1.5317653503587596,-0.6606437213957063,3.103804606527076,0.6990282826981725,0.04591783285270212,0.004105241872286872,-0.0030101199567869196,-0.002536648181651731
1752109497.8245082,0.0,0.0,0.04729017601890814,0.00393568722223398,-0.003415825002161825,0.0,-0.4331472129741629,-1.530458026901868,-1.085404761483778,3.1030127369325697,0.649282756940824,0.046104752719000594,0.00444064468015067,-0.003373078107579456,-0.0029401556552059024
1752109497.9244869,0.0,0.0,0.047587888550898724,0.0017597829827098806,0.001499712723263589,0.0,-0.7784006622006057,-1.5360949408886857,-0.7399286374031883,3.104420403203001,0.6933373875209263,0.04670610302037837,0.003987374648471738,-0.002592994389787416,-0.0026426096412159967
1752109498.0249662,0.0,0.0,0.04797805091862335,-0.014515020899446077,0.00022200806612198838,0.0,-0.32065549476763194,-1.529675570430731,-1.1969414850115527,3.1036492329844094,0.5918199377226239,0.04708262252080342,0.003659622204850007,-0.0023735579242333527,-0.00225129536141792
1752109498.1589649,0.0,0.0,0.04829687335195204,0.019931716897865385,0.01704235455157854,0.0,-0.6172627622786927,-1.5355924595909018,-0.9001499235954689,3.104674516257406,0.5960901278946165,0.04752106867358652,0.0029533999088536328,-0.00284677691002342,-0.0017452199543956039
1752109498.3578157,0.0,0.0,0.04922923486941746,-0.010041654226048176,0.016413731336707923,0.0,-0.6943740350223285,-1.5129473651387784,-0.8223884375323045,3.093802926794158,0.6446675052581073,0.047856766767154564,0.003064501477563995,-0.004190761223996057,-0.002007520754634816
1752109498.3916576,0.0,0.0,0.04957575444501957,0.010410294979601315,0.002647073017418825,0.0,-0.6699144030545032,-1.5288852861222135,-0.8461389100030192,3.0938314853909956,0.6444822096333344,0.04765472606986031,0.0030500544218241368,-0.004203044592345844,-0.0019948546066441584
1752109498.4929695,0.0,0.0,0.05000874467076435,0.0003569040966581907,0.00938736795626548,0.0,-0.6512272552689261,-1.542836778815907,-0.8643658058813033,3.095106239075813,0.6487312885993733,0.04903714385529189,0.0026938588557464376,-0.004090641267550547,-0.001817990979748286
1752109498.624487,0.0,0.0,0.05021147897200639,0.007450736979389141,-0.004154045359356957,0.0,-0.6040087985924767,-1.5273083474888491,-0.9111767082875809,3.0984665771892557,0.636380486234395,0.0493652279740573,0.002327189577099239,-0.004499295802928621,-0.0015540026627657146
1752109498.6979868,0.0,0.0,0.050822483835799834,0.011759296838422098,0.008830733894815685,0.0,-0.9308143745823444,-1.5415030948502164,-0.5839177391768179,3.0986533829900846,0.6359316198026547,0.04985185514718804,0.0023971271851794367,-0.003510650799053023,-0.001626549538798045
1752109498.8578115,0.0,0.0,0.0511490265450856,0.012779088108406821,0.006958663315913654,0.0,-0.7399321363439296,-1.5358625143957827,-0.7745955115191305,3.1028748183316788,0.7010963138216647,0.050133986770376726,0.0033887962451027848,-0.004311433698414304,-0.0026469118571421793
1752109498.9245117,0.0,0.0,0.05165570818649899,0.004440687825406322,-0.0059600702503974454,0.0,-0.3663095611299238,-1.5267191653123888,-1.147373878495475,3.1021321924356844,0.6478214382105999,0.09365451511876528,0.0033898528153018144,-0.004335443168952032,-0.0026140096115924907
1752109499.0244782,0.0,0.0,0.05193156737222349,0.010488578272115544,0.016517665583098057,0.0,-0.6334288451121624,-1.5338099510012415,-0.8798512374481398,3.102999415214825,0.6433854307273466,0.051095566758061935,0.0031750379204119124,-0.0029510107794217992,-0.002411157257063995
1752109499.1245217,0.0,0.0,0.052395231316748156,-0.017968230932995686,-0.005513064780570551,0.0,-0.430754979804386,-1.5429059641309903,-1.0819287261702657,3.1059737028893846,0.5871951109016311,0.05140234981308378,0.0035887412883831562,-0.004114061303725859,-0.002762102343491244
1752109499.2259655,0.0,0.0,0.0527499628479097,0.008077671023775383,0.010010404810687691,0.0,-0.8998661505552678,-1.5160212621290108,-0.6124819630844004,3.1061292653740544,0.5866811955313027,0.051858699172454344,0.0021128459599283342,-0.003300189108633194,-0.0015734128766783126
1752109499.3309836,0.0,0.0,0.05317103408648916,0.024891865808969727,0.011194026071393845,0.0,-0.8188410603428328,-1.5229170933510932,-0.6932640210274771,3.0981148960158995,0.7261370196909754,0.052217811669585945,0.002298557773050826,-0.0037655054415652676,-0.0019487483480598615
1752109499.424481,0.0,0.0,0.053478902059819554,-0.005136853361061994,-0.013529520179229584,0.0,-0.6201787718551868,-1.5365298818224544,-0.8913868466296655,3.100263766736428,0.7012505353185854,0.05258343895532123,0.0036579297278307027,-0.004272952626133825,-0.003439467426314575
1752109499.526966,0.0,0.0,0.05402762854022252,0.0078110399985987485,0.01935766156437939,0.0,-0.6646903443403511,-1.5158486215589078,-0.8464867549236861,3.094397830601115,0.6844443325925673,0.052964290995727296,0.0029693836329072053,-0.0028259512819344794,-0.0026750396459844887
1752109499.6246579,0.0,0.0,0.05443566838171789,0.005621974069404527,-0.008014817772961211,0.0,-0.6486024081254965,-1.5310574402671993,-0.8621071574412013,3.097103205792142,0.6717909808154539,0.053496895882771504,0.0030319056520938933,-0.003869622846882444,-0.0027871334642833047
1752109499.7578232,0.0,0.0,0.0544914206827359,0.005419852728356118,-0.00235314365725876,0.0,-0.6193723219739572,-1.5427475278222889,-0.890828427738238,3.1009796445442976,0.6597898727780478,0.05377838440346272,0.0031473970875431382,-0.002672568780078653,-0.0028230995483773027
1752109499.791165,0.0,0.0,0.05515199408970424,0.007707338428045272,0.009787882692750547,0.0,-0.5755425579514466,-1.5206214289971451,-0.9340894044392914,3.101058552758534,0.6596260185038952,0.05360685324561311,0.0031404968798793035,-0.0026637371282504534,-0.002824060959879972
1752109499.9245849,0.0,0.0,0.055522896764564546,-0.010560931707226958,0.019240335033462685,0.0,-0.57918793879862,-1.5327768144104434,-0.9299689009908502,3.0983328761612166,0.6124471931062601,0.05453218743109332,0.0032516270085808413,-0.002986411138504123,-0.00285553708609447
1752109500.0578022,0.0,0.0,0.05585038811731238,0.009833090316880132,0.008924102781443947,0.0,-0.830980356921445,-1.5379908851913628,-0.6778904318859698,3.102009852213805,0.6862951253775034,0.05497364529529136,0.0023370719083491364,-0.004461901995489377,-0.0022251222528791737
1752109500.1244848,0.0,0.0,0.05622450801944358,0.023075695859557304,-0.009056832544516634,0.0,-0.39639926315974133,-1.5314214526227201,-1.111704668421931,3.102203422345953,0.6221684430801165,0.1280567520787184,0.0023269433468336587,-0.004488923000701061,-0.002183761419121684
1752109500.2259996,0.0,0.0,0.05658316405973988,-0.010925892792361364,0.015084479833556586,0.0,-0.7729151307319978,-1.5350785078523577,-0.7350104009198132,3.103771039742975,0.6717719692881583,0.05568959566633325,0.0037360333918746397,-0.002939506995628373,-0.0034029937424395083
1752109500.2911384,0.0,0.0,0.05699935332150427,0.0066990874676061,0.0011901025524161122,0.0,-0.1512262855900647,-1.5194716672890907,-1.355486810692053,3.1039765216637605,0.6714295911727478,0.056239904376929495,0.002638220127116717,-0.0037688384095291077,-0.0023902429379829863
1752109500.39116,0.0,0.0,0.05727571555996293,0.016096083363344588,-0.00627894586703001,0.0,-0.25642355064568456,-1.5239330550783787,-1.250261214090118,3.101060444287433,0.5439652023413785,0.05658770633196619,0.00279131590698301,-0.0035517161048322543,-0.0023695983329315453
1752109500.5245473,0.0,0.0,0.05773800944213153,0.005962061567558724,0.015982415034100972,0.0,-0.5088483369853787,-1.531048591496241,-0.9975774481150402,3.0996983558492452,0.4522286695593176,0.13454595836060432,0.0037901025953611476,-0.0025081459222403104,-0.0028343273143236025
1752109500.6660812,0.0,0.0,0.0579779729983471,-0.012335534592504985,0.016541725633112694,0.0,-0.686210894631834,-1.5380216379364595,-0.8198140003129596,3.101465102628852,0.4886257939940836,0.05714577322873726,0.0032973583932928807,-0.004333935865595806,-0.0025605071302894377
1752109500.757806,0.0,0.0,0.058301940862093754,0.007119779778605516,0.002225631403453585,0.0,-0.5108441520891767,-1.5153600371158011,-0.9946004692974383,3.099739136578026,0.4911207512849943,0.057994986350539804,0.002882919630613522,-0.004544296971204839,-0.0022143452086285055
1752109500.8244803,0.0,0.0,0.05885374049709832,0.012409391032069318,0.00017166043630729346,0.0,-0.654202387937953,-1.5331055659217994,-0.8510741307308143,3.100003205685712,0.4907286473506268,0.05777174359097705,0.0028665758668547734,-0.004570879465435608,-0.002201733653944922
1752109500.8929856,0.0,0.0,0.05928058036231347,0.012023014865384861,-0.0022006954291332276,0.0,-0.4794990468426214,-1.5369950656649647,-1.0254478061067949,3.1015135904490654,0.5436913086568187,0.05857296316710991,0.0033553057219474014,-0.0037663957053937812,-0.002429674566221634
1752109500.9939883,0.0,0.0,0.059662243944314824,-0.008323981815663411,-0.001358928173779844,0.0,-0.8970208348669313,-1.5265321999956318,-0.6077892824205287,3.102647392655089,0.5340904461301789,0.05882832984770437,0.00401297273313644,-0.003245543560886078,-0.002829532493186569
1752109501.1269825,0.0,0.0,0.05996085958943573,0.022841386793989466,0.00421631516554797,0.0,-0.5577109183475251,-1.5376631731623362,-0.9465755190645531,3.102787264536591,0.6199172842258059,0.05877917422617519,0.0028081407102772305,-0.0027233111065449833,-0.002058755748340339
1752109501.2244916,0.0,0.0,0.0603985172949546,0.009486905308054187,0.009212042682103157,0.0,-0.4098860549798521,-1.5185813633644543,-1.093930800830977,3.097879477298352,0.5384358406041477,0.05942099693777036,0.0034399098918259925,-0.0024844221489915847,-0.0024789941638615337
1752109501.3581617,0.0,0.0,0.0607271936471738,0.013832053385056909,0.012262831305262806,0.0,-0.127540769964426,-1.5132274418882297,-1.375074889737207,3.0952955484281848,0.44990493078242455,0.05946151082167894,0.004307574567753323,-0.003445329514872596,-0.0029764352260829266
1752109501.3929956,0.0,0.0,0.06092059900579269,0.011049854245247319,0.0003662868684964525,0.0,0.21224101177383725,-1.5257512060467382,-1.7165273462021677,3.0953933805463567,0.44987066875969617,0.05917450913283195,0.004317463878254642,-0.003445766572673816,-0.002980898910753582
1752109501.5578306,0.0,0.0,0.060624282568939813,0.10173679542109564,0.030246219741555027,0.0,0.012554940216093921,-1.536035511511634,-1.5169529961589185,3.099011454532371,0.15368713465602069,0.06144765391401163,0.00877488304294473,-0.004391392967187535,-0.004883642071026044
1752109501.5951762,0.0,0.0,0.059916613679609126,0.08932971819248933,0.017486951265218514,0.0,-0.19807181883506905,-1.5482477420537892,-1.306750604937543,3.0992269788559588,0.15399841336877435,0.06160096596559006,0.008842251958797216,-0.004404075265487781,-0.004914676016909657
1752109501.6916578,0.0,0.0,0.058697583409537755,0.16138492348398875,0.015526950093872243,0.0,0.686615386340889,-1.5538557658797343,-2.194414336801416,3.1042633082845983,0.16098888518814333,0.059059897955689326,0.019894477675830757,-0.006250953249558026,-0.00586679197863703
1752109501.8269706,0.0,0.0,0.05724044359673235,0.2738841920031332,0.03623627131824196,0.0,1.420288594161003,-1.5531687186663603,-2.9289714073642354,3.113157412782977,-0.49734178173033167,0.06063396407459453,0.031270606817796316,-0.0068494123661557915,-0.00528864744371423
1752109501.9245477,0.0,0.0,0.055516614898938804,0.48529587220170267,0.05105116087479705,0.0,1.0304049195677993,-1.5313134075265171,-2.5426279142328587,3.112935735437908,-0.49804490526553696,0.05863787285539557,0.04495817487635003,-0.008742301720425852,0.006921772503167011
1752109502.060988,0.0,0.0,0.053390486971870564,0.2660395198194713,0.025526954240025494,0.0,0.8169477129368857,-1.5319661367118036,-2.3300325199525607,3.1090399770747705,-0.6378885444033707,0.057324679561679304,0.0713012361171496,-0.011837225125484846,0.02720891442075423
1752109502.0949788,0.0,0.0,0.050751844712546894,0.26031653965615315,0.024712544247290642,0.0,0.43710968460173383,-1.5234678913982627,-1.9549067143657446,3.108905678342202,-0.6385188736169365,0.0580417088818903,0.07206078711153634,-0.011931445431916791,0.027565984472081324
1752109502.2244873,0.0,0.0,0.04795691390709863,0.24494047411993794,0.04443253922115105,0.0,0.046515943340406485,-1.5270348668292184,-1.5667161948777624,3.1033329721276033,-0.5134985002390758,0.052718448804856884,0.08979051671376242,-0.013921960965115214,0.04545895821609547
1752109502.3247921,0.0,0.0,0.044694320687661444,0.2485260838276643,0.03489651801180836,0.0,0.1956791747873593,-1.5129139152543112,-1.718361900794765,3.0954689699123765,-0.39769467126617736,0.05094073476537897,0.10180909883109222,-0.01724690995617562,0.05175246793633866
1752109502.4578114,0.0,0.0,0.04133568247356364,0.4507542023376495,0.05511814189639465,0.0,0.03486746554453647,-1.5410185685824835,-1.5642140004807987,3.094405107909111,-0.3981290720446129,0.043304663422370826,0.13800596773623186,-0.022694321360898884,0.06784335244295496
1752109502.5950108,0.0,0.0,0.03753270871805392,0.31011981232309666,0.024379958668356367,0.0,-0.04726115121610509,-1.547811054331039,-1.484569213434807,3.1055506519347347,-0.17217596182536576,0.042777997303153896,0.16530245164944837,-0.024369441886466718,0.07176311054637584
1752109502.7249923,0.0,0.0,0.03360089371937025,0.34042653659987177,0.028190275046095583,0.0,-0.05863653204589167,-1.541021443767862,-1.4817126424810823,3.108869521266259,-0.13339736036471977,0.039215705388893074,0.17922608814918217,-0.02424705121086726,0.06742371682412637
1752109502.8578193,0.0,0.0,0.024924766142745466,0.4986335690974073,0.04543546595605435,0.0,0.5415594970954397,-1.5378069631567737,-2.087103918673487,3.1078947314512764,-0.22143160824495617,0.03393673642165496,0.2108355191348264,-0.027993340188180886,0.06992409941415974
1752109502.9578047,0.0,0.0,0.020133586023863413,0.39547754878885943,0.04818109127259132,0.0,0.01887160564346246,-1.5375105219781582,-1.5689137275225493,3.1079414435467,-0.19243867975043874,0.025288128184439266,0.2406875632270191,-0.031102894996013927,0.07263907528491255
1752109503.057812,0.0,0.0,0.015458446923632478,0.4286037869411433,0.040104766951888804,0.0,-0.5160251884732631,-1.5225069065377537,-1.0377272586817594,3.103469030360662,0.07453337066639819,0.020340503951636887,0.2636475839173707,-0.031962177579154774,0.05865722857600237
1752109503.1605117,0.0,0.0,0.010138602539256723,0.41360265875279795,0.051024214900886225,0.0,-0.215990153910921,-1.5328465969725005,-1.3414373169244465,3.1045898402625998,0.09667038780482873,0.014057444434014688,0.2810524925113113,-0.0338093656061015,0.04768242977449583
1752109503.2578106,0.0,0.0,0.005115576253669363,0.46848740551471313,0.05939161141219007,0.0,0.3079790368234595,-1.534486795461089,-1.8700927430875498,3.105304922142744,-0.009194748427368895,0.009946367478683717,0.29746232282069035,-0.0362254240145476,0.04483241955404671
1752109503.324521,0.0,0.0,8.682510955345196e-05,0.4629144948588233,0.04483907338048465,0.0,-0.14001696442306538,-1.5371775160270764,-1.428077413379644,3.106175052553305,0.012878465565323795,0.02370502702237021,0.3032075640259418,-0.03678445030152276,0.04425910790729888
1752109503.4287012,0.0,0.0,-0.005118619253475566,0.5179483806826218,0.04696996368209567,0.0,-0.5542979303914806,-1.5453800189307894,-1.017572493869555,3.1122753067475557,0.23441829745555373,0.005583930202779363,0.30260275507649137,-0.034533841374812906,0.017456513605195817
1752109503.5246313,0.0,0.0,-0.010299613795215315,0.9031425978618167,0.09677644806734326,0.0,0.14578966069448732,-1.5653174073830878,-1.723770178433118,3.1141100229702277,0.23380487808328934,-5.854281518447048e-05,0.3169465916233423,-0.03478913060756088,0.0034146787067371705
1752109503.6578293,0.0,0.0,-0.015587640447651006,0.6557613758966533,0.07344406906422964,0.0,0.29974355367475164,-1.5593160006885822,-1.8804755670552036,3.1217761255754315,0.043371749442030254,-0.005412934485518937,0.36297898050663624,-0.039746926720734245,-0.001539509571075239
1752109503.7589815,0.0,0.0,-0.021330685212875938,0.5108091384676288,0.07146256093334652,0.0,-1.4676727986443572,-1.5599331721766088,-0.11967620222033089,3.1257722963711707,0.3156956689985281,-0.015327919255100577,0.3915372015635094,-0.04332309533403593,-0.031313732830010224
1752109503.8244975,0.0,0.0,-0.02664947428169337,0.534445627084067,0.06447770084669638,0.0,-0.4761044459058382,-1.5513290578308572,-1.1168929313324019,3.1265944507139913,0.3713533634792725,0.08310234972191521,0.398362735159378,-0.043890407049732745,-0.036575696955179406
1752109503.924507,0.0,0.0,-0.03203186874650093,0.6698622833370408,0.07527120054081127,0.0,-0.8783558781949283,-1.5325794843556588,-0.7201435986660255,3.128009789056133,0.4339816750489831,-0.020908098579925927,0.38118274267553137,-0.041957398510777066,-0.0566325771685693
1752109503.9939716,0.0,0.0,-0.03751486042366713,0.6561868954333119,0.057845053816987464,0.0,0.07368770244013297,-1.5296514305524447,-1.6823679755856802,3.1309549782136568,0.4331277381753927,-0.028047388006605896,0.3915596190712121,-0.04320833454777677,-0.07594607717179223
1752109504.2244825,0.0,0.0,-0.043258766544141326,0.7929184882092964,0.10654273614779029,0.0,0.22329911571313354,-1.5262438625685073,-1.840637599481163,3.1168333573543645,0.1417504062500128,-0.027740495385215166,0.45688421164739984,-0.05006546079916791,-0.08237401032694201
1752109504.42449,0.0,0.0,-0.05344437922861792,0.7753106765875162,0.0955440607283655,0.0,-0.5410427518153855,-1.5076408624983608,-1.0932776104488164,3.1074928928619396,0.24111722640842578,-0.04261224964495014,0.46227837501267155,-0.05108515092028024,-0.09397848318109596
1752109504.4911501,0.0,0.0,-0.05817128105269356,0.6099157954779905,0.08410890161223661,0.0,-0.6626531272888077,-1.5217322842446626,-0.975241285232863,3.10903518630802,0.24002181869798453,-0.055401275042899815,0.43812103559181537,-0.04946867627985044,-0.09281341646119627
1752109504.591153,0.0,0.0,-0.0626854688389589,0.6194207877202059,0.04938173778828368,0.0,-0.6628096351065313,-1.5217046407143946,-0.9751005317475827,3.1046490100534534,0.4172492776839914,-0.057705996950579326,0.4584515061958331,-0.049312067508611813,-0.12355917889483088
1752109504.758983,0.0,0.0,-0.07143344930204132,0.5713554093860441,0.04861041964307355,0.0,-0.8416549850520794,-1.5173749377035268,-0.8046091991146883,3.109037687536725,0.6079763990638077,-0.06045459937029385,0.4798313303417573,-0.05229329913508698,-0.17183035076824998
1752109504.8244903,0.0,0.0,-0.07560291958096088,0.47176412388266,0.07591247322779661,0.0,-1.0664795517898444,-1.506442095245335,-0.5842866529014087,3.1031471671140674,0.7398315537434376,0.20671313121417662,0.48435734430203453,-0.05244601611423276,-0.18565337203138368
1752109504.9245667,0.0,0.0,-0.07964178854860238,0.5858934758690213,0.08836481337433354,0.0,-0.868398088118659,-1.523485647767042,-0.785940821112062,3.106716579808305,0.75617345544701,-0.06887143622322657,0.42188433242670276,-0.0483681417266898,-0.1873295129861499
1752109505.0578146,0.0,0.0,-0.08367401194886552,0.49959024499864996,0.0831787070433899,0.0,-1.0508373192124485,-1.5331627728694248,-0.6110774271328152,3.114645688700902,0.8193328424078485,-0.07274046202446363,0.42796946496378696,-0.05173851683640486,-0.22979545777845736
1752109505.0939746,0.0,0.0,-0.08754924765236079,0.43687725996316173,0.05698039236741001,0.0,-0.6501549158487617,-1.5177626690373167,-1.016754557588943,3.116891368802831,0.8196761584170587,-0.07031287725471769,0.43049140363611804,-0.05205292166575094,-0.2323123141372003
1752109505.2244985,0.0,0.0,-0.09160218705256105,0.639166622414681,0.12071626631606577,0.0,-0.6016900896702367,-1.5125415583371244,-1.0665367469615508,3.107930209473441,0.7324086424681442,-0.08044736153801231,0.4055364679204013,-0.05031565976714338,-0.22926621131292557
1752109505.3578238,0.0,0.0,-0.095420294557493,0.6125631542887443,0.0537609270456836,0.0,-0.4584639063047672,-1.4972678186798278,-1.2121199846205226,3.101338649208591,0.6570764197590567,-0.08728218950764208,0.40289754891582025,-0.05139069593202875,-0.2364375878979437
1752109505.4245136,0.0,0.0,-0.09933473895758954,0.4349491157269754,0.06549884238896497,0.0,-0.5054964329067994,-1.5067654745946126,-1.1681166141189574,3.100077738284697,0.6340186712999875,-0.03589454411150905,0.40733835001544016,-0.051841888343419754,-0.23875692501238271
1752109505.5245023,0.0,0.0,-0.10331781996563828,0.5307166005758418,0.1130208185006659,0.0,-0.4757208297171722,-1.4935344911076922,-1.2027171131677723,3.087602615980508,0.5677482439997662,-0.09390393894575856,0.3760592799664002,-0.04707562415428565,-0.21782439296381534
1752109505.6245046,0.0,0.0,-0.10735518240230342,0.4950655844865031,0.09612944679214526,0.0,-0.4668268120486916,-1.5168657713952187,-1.2175138315973133,3.0902370802959274,0.568037040333734,-0.097883402639344,0.3719390962937432,-0.049884852609453634,-0.2207379574088225
1752109505.7244873,0.0,0.0,-0.11129807403187926,0.6751036997804454,0.09196493712781625,0.0,-0.5001065386131561,-1.521733932016973,-1.1857560125859634,3.0930343476998257,0.5249210248677638,-0.10293187487925425,0.37020476973619826,-0.05198370666631209,-0.21770699571750923
1752109505.8244777,0.0,0.0,-0.1153638849196787,0.5490846670454764,0.0919675545417796,0.0,-0.655090625286875,-1.50052157548176,-1.0361325251024371,3.0899156163592556,0.5617050293222423,-0.10687329446508274,0.36589938220028784,-0.05082550555832457,-0.22303036248266794
1752109505.9610395,0.0,0.0,-0.11930529188678987,0.6130759905174384,0.09985300274261286,0.0,-0.7564739515602408,-1.5099866142427725,-0.9376577267433293,3.0925855033031784,0.6149955702971113,-0.1109612464670615,0.3778340285577563,-0.05380219778982282,-0.24463458286682793
1752109506.0244772,0.0,0.0,-0.12317874544853588,0.4155457034073636,0.057678759553358515,0.0,-0.5494582504036818,-1.522038066350723,-1.1475296362464682,3.0948235879098647,0.6059638171495747,-0.05344697779427899,0.3804345606401492,-0.05428817268422049,-0.24763290300439283
1752109506.124499,0.0,0.0,-0.12715385051117792,0.4823154646709913,0.07710181212904113,0.0,-0.565650288392551,-1.53366390454309,-1.1333147059045048,3.099680614935444,0.5990892913086405,-0.1191529953768025,0.3516957185317008,-0.0506964729175323,-0.2313141010859257
1752109506.193982,0.0,0.0,-0.13096904468523662,0.7131797396402365,0.09994491704691383,0.0,0.11460185782886576,-1.5342881463259652,-1.8197709070681665,3.1019388088080433,0.5989903311821395,-0.12435748557742252,0.34712907060137,-0.05082312100569466,-0.23121671526917
1752109506.327976,0.0,0.0,-0.13505423386412835,0.7597095892711859,0.12667971236921957,0.0,-0.2355267980289103,-1.5396062657077345,-1.4730253684448351,3.107314257132572,0.33456724577244934,-0.12541087933691308,0.37446384038051095,-0.05418784160165638,-0.2148169580114343
1752109506.4244926,0.0,0.0,-0.13912537655212642,0.49061011689561784,0.06699423014837678,0.0,-0.7544412423647435,-1.5335656415720744,-0.957812051709946,3.108885183086575,0.38843957704375853,-0.1310197821366268,0.35743430746975385,-0.052881078279200334,-0.20439496772167284
1752109506.5244932,0.0,0.0,-0.14285359374115456,0.5521507060174647,0.11890432273383347,0.0,-0.2077481401581582,-1.5346178630994007,-1.5080451800866437,3.1107200701698066,0.36175097256190314,-0.13500218461568056,0.3592059015909005,-0.05268841613863059,-0.19735570098767924
1752109506.593105,0.0,0.0,-0.1467744075225481,0.4746686576860393,0.08419371481193753,0.0,-0.7423710145889733,-1.5178687447218802,-0.9798252593076103,3.112265099769088,0.36155403383185597,-0.1400259401667823,0.35834847141409953,-0.05550591583125812,-0.1911390080295888
1752109506.6911478,0.0,0.0,-0.15078224253542438,0.648801092086069,0.10106455509306468,0.0,-0.3085602002598828,-1.5277623482660705,-1.41722396376439,3.109210212204351,0.4595100851260762,-0.14225876092967613,0.36573478480592264,-0.05795124659120515,-0.20520880906955194
1752109506.8256476,0.0,0.0,-0.15446482070348383,0.5752357974702217,0.08991549639210819,0.0,-0.4642898867123587,-1.5221182238195077,-1.2633370006331996,3.1070346935754856,0.4141393566977002,-0.14490462520448763,0.3668946040727308,-0.057932853740390415,-0.19832519093521506
1752109506.9259887,0.0,0.0,-0.15845886432931683,0.5232347808363178,0.09115291534090154,0.0,-0.8021119698709417,-1.5159879153125722,-0.9305657533390002,3.103271376367056,0.5463815885942919,-0.14978812256083787,0.3422928601653015,-0.054423777369931835,-0.20043942415894694
1752109507.0578158,0.0,0.0,-0.16222441327511541,0.6649172902773789,0.0966938253354107,0.0,-0.7980391724744396,-1.5306942152076086,-0.9379606321599352,3.106272777929112,0.579504552553062,-0.15540498285587742,0.35518703638889343,-0.05739079444608625,-0.21844161475951027
1752109507.1245074,0.0,0.0,-0.16636348544005186,0.4513786172350461,0.09014858216001657,0.0,-1.1657089171541724,-1.5273984979229598,-0.5732197225737214,3.1065799041468534,0.8534152061713687,0.23646895836990145,0.3454868143311374,-0.056669813229191464,-0.24208219855129806
1752109507.19499,0.0,0.0,-0.1706788678659617,0.48030136160338155,0.08775657791326891,0.0,-1.4155508435055382,-1.5543368326122817,-0.3338668764273184,3.1107224161297786,0.8511609068299123,-0.16174319669518136,0.31118393176858583,-0.05265206770990098,-0.23563996689041533
1752109507.3244863,0.0,0.0,-0.17479427976253234,0.5321955981748351,0.0941428029599398,0.0,-1.0503521276924752,-1.5581661452304205,-0.7010845899781468,3.12813015783109,1.0190924245467277,-0.16110253276413913,0.3040119222640447,-0.055243916147002525,-0.2722587849803917
1752109507.426102,0.0,0.0,-0.17896617959932995,0.5348442551125762,0.112429145820424,0.0,-0.6808044374783365,-1.5459278493978528,-1.075037616494241,3.1302662061606235,0.9208956993370612,-0.16770904562327174,0.287182773546402,-0.054192180038934085,-0.26208478281025777
1752109507.5578086,0.0,0.0,-0.18299555551827695,0.5940912415872474,0.08994389396607298,0.0,-0.853953547906961,-1.5562047434988064,-0.9062346431579884,3.137717988918558,0.909574177607312,-0.17160590068208895,0.2908508944067473,-0.05925426145575571,-0.2891308285224128
1752109507.664985,0.0,0.0,-0.18723602946083806,0.4076095298717578,0.08586104189892763,0.0,-0.5787980899197375,-1.5405203490316932,-1.1862026606574505,3.1388010036929463,0.859394649011109,-0.17994272192203778,0.2863809394373755,-0.061587066682593616,-0.2947228584441235
1752109507.7245502,0.0,0.0,-0.19138480770018243,0.3995238928515467,0.05510677636871598,0.0,-0.7079803097938391,-1.5237369185785883,-1.0607317014640258,3.1343489972468053,0.8352865502274216,-0.12009300809389241,0.28716904594753007,-0.06165705639444601,-0.29618178124712763
1752109507.7916148,0.0,0.0,-0.19532561039662213,0.44497714358608415,0.09257969196517474,0.0,-1.0645490361496006,-1.530287071609835,-0.7098583416347283,3.1378858055724805,0.8339777281264324,-0.18755251447212715,0.25972348869388595,-0.05594908645608608,-0.26894053553372815
1752109507.9578087,0.0,0.0,-0.1994965782773268,0.7321863262382615,0.11671613983610817,0.0,-1.2497723346924383,-1.526949510626888,-0.5272136533607539,3.1332433628704486,0.997894870949791,-0.18490829365106667,0.2640454623755322,-0.06162120505404704,-0.3188762447784328
1752109508.0583756,0.0,0.0,-0.20337096656318504,0.4543571245508837,0.09492644656814413,0.0,-1.3555690748848062,-1.540711143811361,-0.4251110055756894,3.13540565862135,1.1314142384414159,-0.19411669404567222,0.23383427168396667,-0.059556372501463804,-0.3213759850456605
1752109508.1649704,0.0,0.0,-0.20762252190881086,0.45343184172458345,0.092546771493316,0.0,-0.8653313071988131,-1.5381828309147083,-0.9195455119481913,3.1313182811492464,1.0243334524671874,-0.1992174808782706,0.22940177447828725,-0.05990656222870054,-0.3152472488582728
1752109508.2578034,0.0,0.0,-0.2118466633029784,0.36733107150722916,0.08729657262736058,0.0,-0.5594824166581688,-1.5261556047967246,-1.2294759856049196,3.1302689152074077,0.9478774900633749,-0.20563990112181416,0.22334010158965809,-0.06074699474269026,-0.3048522042497376
1752109508.2949731,0.0,0.0,-0.21595800362245904,0.3831197836077258,0.06333013296896664,0.0,-0.9633081490543381,-1.5363974163399634,-0.8319492101740537,3.132529423521694,0.947797739065126,-0.20315611582072177,0.22241848211072215,-0.06094133513207343,-0.3063864130091884
1752109508.4244857,0.0,0.0,-0.22015551772562336,0.5585912406159875,0.1153393086962215,0.0,-1.0795540829711663,-1.5265868806800895,-0.7181008762730415,3.1260818195395563,0.9856924435922547,-0.20634712564372304,0.20411868254288157,-0.05680516487065908,-0.2964502644327649
1752109508.5244832,0.0,0.0,-0.22432475457687423,0.45239154004746074,0.1180253942972404,0.0,-0.7125652020183739,-1.5285617896948611,-1.0884432578206573,3.1240774586919198,0.9101531131119958,-0.21328608890476541,0.19604143942838365,-0.05525411391612329,-0.28077796087644963
1752109508.6245687,0.0,0.0,-0.228442828259239,0.43992760881420406,0.07800111660235962,0.0,-0.31793832958340335,-1.542432674902688,-1.488183046533622,3.124377233554064,0.761221659715742,-0.21859180989724264,0.20187289176727055,-0.05811340199213203,-0.2716027650986918
1752109508.7578316,0.0,0.0,-0.23214400214218991,0.5317446006953908,0.13006631948369035,0.0,-0.9739210468833962,-1.5354064486741763,-0.8361578904375343,3.1231333303658024,0.8570283842629921,-0.22268160179902363,0.20723037704790537,-0.060960810041260666,-0.28720878729573796
1752109508.7912538,0.0,0.0,-0.23574875270504927,0.377706158433469,0.07554009547023925,0.0,-0.7321086319627428,-1.5109210337383867,-1.0837678846603376,3.124762903024525,0.8569954989421679,-0.22077307772180124,0.20637083374626095,-0.06111666344276419,-0.28817395552686864
1752109508.9245143,0.0,0.0,-0.23933751069939216,0.32502623402874575,0.0614089980023456,0.0,-0.7418303473600466,-1.5156026740499566,-1.0752187417025776,3.113146405456531,0.8061595094061909,-0.22896608940358382,0.20029539715501316,-0.05941349932472539,-0.27278387800557513
1752109509.0578163,0.0,0.0,-0.24279704365062663,0.4265068003278881,0.0924451432125222,0.0,-0.7250829706188964,-1.5299505857836122,-1.0959166915719565,3.1172486678221603,0.7957945529056235,-0.234393545909664,0.2014931965070752,-0.059544280040450176,-0.2703535645824984
1752109509.124473,0.0,0.0,-0.24573080801050892,0.3558881309036713,0.0799804050283435,0.0,-1.0470796146003198,-1.5304752048914803,-0.7758847119225646,3.1150406444501755,0.8814194418165471,0.013209159001469573,0.1962290694614668,-0.05941725164875213,-0.27466334636761963
1752109509.225017,0.0,0.0,-0.24819852784232987,0.6213820228868395,0.13072636262801451,0.0,-1.3468912276421692,-1.5379229965911279,-0.47878580391384545,3.1181126352490907,1.0160503583565614,-0.24088877263417713,0.1709070337541847,-0.05555413339379036,-0.25759607880639246
1752109509.3589966,0.0,0.0,-0.25029217941330933,0.45789146746438536,0.09963154092756815,0.0,-0.9493207049692801,-1.5341002279265565,-0.8784562006902877,3.118988671789623,0.9970564942392605,-0.2442552695108645,0.17429270652207868,-0.05883860174836962,-0.2750342937123168
1752109509.3926365,0.0,0.0,-0.25231709630465765,0.33951323005806316,0.07376687634537618,0.0,-0.47783004074931595,-1.5254200980004777,-1.3518767378734629,3.1201465344887325,0.9969119215967367,-0.24300466250612737,0.17324327957134394,-0.058947117921342336,-0.2756896555709262
1752109509.52447,0.0,0.0,-0.2538497991727801,0.3542844529007619,0.08196251547695284,0.0,-0.599641528759071,-1.5316063948440315,-1.230769511935598,3.1086598960745064,0.7193160605839779,-0.11546759292118701,0.17919479779498662,-0.05730080549529325,-0.25184653848937755
1752109509.6609735,0.0,0.0,-0.2552338156469827,0.5902095377930587,0.08204407203252415,0.0,-0.7689750756590935,-1.5442862720921675,-1.0632432284722098,3.11184705849033,0.7240095487873206,-0.2529803722650054,0.1877723440466701,-0.05605263355746266,-0.2520694867853668
1752109509.7578158,0.0,0.0,-0.25649402900957585,0.34666321782356324,0.0782516898168044,0.0,-0.6903939206657911,-1.5271992317652565,-1.1440581761991622,3.110358544370457,0.7157590501185958,-0.2547590396003391,0.19438728225678525,-0.0561904707865266,-0.2474299496543242
1752109509.8245022,0.0,0.0,-0.2574434239923973,0.3063866003206896,0.07965600026785222,0.0,-0.9825778482266346,-1.5316895547127682,-0.8533680862882072,3.110364828177385,0.7517939614867791,-0.18117529272807747,0.19140996039605193,-0.056220307781503685,-0.2492102850806723
1752109509.9578257,0.0,0.0,-0.2581578833207254,0.4222977396460639,0.07386532383537944,0.0,-0.5011345485849417,-1.521849897479565,-1.335478951940275,3.1086670620432795,0.7107758234565188,-0.2294812828519,0.17704422601488673,-0.05348859655738897,-0.22072744587221402
1752109510.0259907,0.0,0.0,-0.25868513718341407,0.9750147513775308,0.18456683784001837,0.0,-0.638991167444062,-1.52581367207634,-1.1982029626462902,3.103572835249233,0.6765514958607979,-0.2576841979920425,0.17526350981863692,-0.0499373466135964,-0.20544546914951323
1752109510.1603076,0.0,0.0,-0.2592582324401622,0.39083436655930703,0.09442491613340324,0.0,-0.3025500487386974,-1.5391220058143344,-1.5344976945264404,3.105862049365923,0.5885123478899051,-0.25848312250751576,0.20498824198997176,-0.05580319602120538,-0.2198795030858978
1752109510.257806,0.0,0.0,-0.2592570779759001,0.34447494263153094,0.06482301261752445,0.0,-0.8780238073104794,-1.5383519770165324,-0.9595027357363354,3.1065056094189707,0.6264321495421907,-0.2592244733576558,0.21046319516785877,-0.056417542731827745,-0.21510398423893493
1752109510.3245058,0.0,0.0,-0.2587879943549449,0.3595582441376143,0.06208921009828754,0.0,-0.689205850781665,-1.552177620579036,-1.1486441201044548,3.109125681010127,0.6354175815723055,-0.20787464577110845,0.20927745051153365,-0.05663236059127336,-0.21520532264601244
1752109510.434982,0.0,0.0,-0.2577831426669095,0.40282348156682696,0.06839459069752302,0.0,-1.5793324622462692,-1.535406115429312,-0.25710177781743754,3.1096058462782263,0.6350432595110398,-0.2585343145246957,0.1957716830957784,-0.051433227308408505,-0.19245332016064567
1752109510.5578132,0.0,0.0,-0.2559332547993114,0.4452902227236842,0.07660078570079436,0.0,-1.4473446619452668,-1.5385082929276235,-0.3882581793941241,-2.7641787163424922,1.060986260784784,-0.26116020610760227,0.18350784110618493,-0.07911410170987351,-0.2193061079056126
1752109510.657842,0.0,0.0,-0.25344213019193307,0.4324013224663651,0.06496332901842436,0.0,-0.9617095107021665,-1.5407065794668726,-0.8722221550009706,-2.8892298158017407,1.0322945054786068,-0.2590367632571232,0.18344170410540003,-0.08608473720666808,-0.22984375526764195
1752109510.7244985,0.0,0.0,-0.2505330149529708,0.4151966927731603,0.0679442261976273,0.0,-1.3336079835424075,-1.5473055887265448,-0.49772759481107154,-2.977180874910111,1.1218755499333675,-0.012209241279489214,0.17825118699622988,-0.08337113712374263,-0.23507234343838412
1752109510.8578367,0.0,0.0,-0.24680195984717548,0.47133498620156783,0.06399917990047002,0.0,-0.8127525662116594,-1.5369490332622135,-1.0144170600633478,-3.02411908362629,1.063143428055197,-0.2590146583949702,0.1700556400790717,-0.08129429001391017,-0.23663673952123143
1752109510.9578123,0.0,0.0,-0.24249667720251897,0.41176996709005714,0.05444758436610097,0.0,-0.3443039774544258,-1.5376896524131165,-1.4796596325191005,-3.0713765607450685,0.8473316545256194,-0.2495957818321584,0.18200827919105264,-0.07947615146793523,-0.24172275252652947
1752109511.0578253,0.0,0.0,-0.2376368970230554,0.40446544599831985,0.0458374948622922,0.0,-1.0125175922415448,-1.5395722702637622,-0.806380907711819,-3.0908290735586017,0.8705372803772432,-0.15174274265993726,0.17938955024293562,-0.07981403355837029,-0.24339087260372208
1752109511.1609778,0.0,0.0,-0.23249230603073084,1.0728149910523748,0.1732189354211431,0.0,-0.6635522560355096,-1.5368538497369637,-1.1509551483567722,-3.1255218039642183,0.796846330287101,-0.24310989994981155,0.17663883576769016,-0.06922928899575155,-0.2258985775977891
1752109511.2244854,0.0,0.0,-0.22719174390794378,0.4441532444079223,0.05027933367146131,0.0,-0.6354833625897648,-1.5207494586071535,-1.1724106934795362,-3.1373370245435623,0.7743509718328719,-0.197414678970675,0.17657388573795002,-0.06895863472524358,-0.22520477295623129
1752109511.3259785,0.0,0.0,-0.22217869058625034,0.518005000856134,0.07967381528077531,0.0,-0.4763955956719935,-1.5080642344116273,-1.3250547666123134,3.118090634768075,0.6610603217927454,-0.23372320061226667,0.18993603778719595,-0.06178728928083734,-0.21888004267279915
1752109511.4279895,0.0,0.0,-0.21744082795048864,0.5817028261048169,0.09961677087706464,0.0,-0.23681876165662163,-1.5037260083950625,-1.5602618883209838,3.106187257436014,0.5590869291328433,-0.22818647177944176,0.20151165333406604,-0.05898451768129798,-0.2110247791289369
1752109511.4911847,0.0,0.0,-0.21309206433736727,0.745714901730984,0.0697400089128083,0.0,-0.5183633407225103,-1.5160401146615707,-1.2724132980922287,3.1048858291633197,0.5584658999140507,-0.221158196459946,0.20930207193486322,-0.05780475913333541,-0.20600717895810128
1752109511.6578207,0.0,0.0,-0.20854883361523188,0.4290779789799168,0.04914546224493546,0.0,-0.6645605474939232,-1.518575894283612,-1.1240664495599395,3.093725883062584,0.585726314219603,-0.2193506257203177,0.24263777769469852,-0.057898688442577055,-0.22576360655866234
1752109511.7579095,0.0,0.0,-0.20468864874974516,0.36236341208375683,0.0460620267523697,0.0,-0.4187483759436968,-1.5131838431475664,-1.366125471341715,3.0898386885520175,0.5604614191539818,-0.2089319436908195,0.24009487460965234,-0.05176349499678486,-0.20825912168902114
1752109511.8589792,0.0,0.0,-0.20059043567707519,0.40511467457537115,0.06141730232056579,0.0,-0.28541744352786125,-1.52669487615192,-1.4955724644121855,3.089688085599205,0.5095712621949335,-0.2057900767248926,0.24559999940748276,-0.05001398668545212,-0.19873400106127925
1752109511.9578292,0.0,0.0,-0.1967545142002037,0.4108462391672512,0.04367177407569847,0.0,-0.3753614613942317,-1.50880784553499,-1.4022956976923704,3.084396416936766,0.4556582395315675,-0.2009907951654983,0.2530828677032259,-0.0466354074502634,-0.188636935806418
1752109511.9929793,0.0,0.0,-0.19279399559297897,0.36782323591521937,0.028650866811471377,0.0,-0.748710630436083,-1.521819929925795,-1.020738348325181,3.0839011113310875,0.4555410922698258,-0.20249675382925328,0.2534192670595775,-0.0465006583535622,-0.18821983862561772
1752109512.1578155,0.0,0.0,-0.1897642961295276,0.4065612326805765,0.0802635586723413,0.0,-0.63260048373393,-1.5230495373236685,-1.1364925927439458,3.084895899734745,0.577716537307055,-0.19873338789927697,0.2555471637999837,-0.043200183348141005,-0.18870864363946518
1752109512.228062,0.0,0.0,-0.18712422517017244,0.41559467657797683,0.045465793556564785,0.0,-0.8592572741048161,-1.5261663573229822,-0.9060590163800611,3.087287918345184,0.6604718433383406,0.027030523193511503,0.25343838273846486,-0.04289940712677781,-0.19148292322773586
1752109512.3259807,0.0,0.0,-0.18513361032802145,0.5839277309231264,0.06111676516140771,0.0,-0.6743823282143826,-1.5142976023274923,-1.0876777241959243,3.086296444066761,0.6629961546806302,-0.18869868358868744,0.22960539660225204,-0.03661898927788677,-0.16959121358205284
1752109512.4578178,0.0,0.0,-0.18379887772823142,0.45389041507523376,0.07596819209270442,0.0,-0.7428489756939898,-1.5264828956329735,-1.018862366496225,3.089094702036866,0.6888191982165391,-0.18755268745641107,0.24591281254765976,-0.03669084929169415,-0.18664233123832408
1752109512.5259833,0.0,0.0,-0.18246343895792175,0.40035792481944493,0.0502154764768189,0.0,-0.2796676327617054,-1.5244181057106851,-1.4804943233457937,3.0902939435402192,0.5797124425539824,-0.13459940298331305,0.24980142123775062,-0.03648525214528432,-0.1808859106913834
1752109512.59117,0.0,0.0,-0.1811944187033961,0.5402692887225791,0.0594040415142662,0.0,-0.42245026402399655,-1.5412142039207373,-1.336055784540211,3.089801890286328,0.5794619624444447,-0.18368081736963443,0.23647942995366367,-0.03323507800015729,-0.1656687676763482
1752109512.6629794,0.0,0.0,-0.18024972735098083,0.4453229201592298,0.054865618326971205,0.0,-0.8155033572579646,-1.5403935782046976,-0.9422576412117124,3.098368550192893,0.5178820665428622,-0.18235447931435544,0.2542262531583624,-0.03392512097443554,-0.17048844202117286
1752109512.7589653,0.0,0.0,-0.17958715749383777,0.40848276091259716,0.06062567982455739,0.0,-0.6713603236400708,-1.5256367778219304,-1.0845031577394717,3.100653452902815,0.5530284266320592,-0.18186533764628485,0.2651776509711596,-0.03422190742397931,-0.17698617978830886
1752109512.924517,0.0,0.0,-0.17889624966887915,0.43003813767346694,0.05464785196680622,0.0,-0.8825643369061409,-1.5372815973906822,-0.8720948451599554,3.1022586967240073,0.69568834183473,0.03061224839502996,0.26322228527774244,-0.03361988158670301,-0.1829345038531947
1752109513.0245225,0.0,0.0,-0.1781890833103698,0.45394312841280715,0.05823038897409262,0.0,-1.0596874327381645,-1.5185207586878604,-0.6937249161824851,3.1013575659187964,0.7355998110853992,-0.1805484713960017,0.2405142125457623,-0.029754978443873575,-0.17177479634896603
1752109513.1244812,0.0,0.0,-0.17772114464238947,0.5106402278478857,0.05836427412878053,0.0,-0.6330244591432577,-1.5084319294421207,-1.1179436362665842,3.101659714341343,0.7346623742674653,-0.1798393030534759,0.24093517253250016,-0.02930149568540583,-0.17666553630635606
1752109513.2649877,0.0,0.0,-0.1774952484238578,0.4775787334730608,0.05772708724457152,0.0,-0.6761803999433114,-1.5121863986104673,-1.0747172472046918,3.089607160955551,0.6854619508058132,-0.17808194996909427,0.2554297797458208,-0.02910575876237277,-0.18984980765872211
1752109513.325215,0.0,0.0,-0.1771275072982616,0.36457313759755383,0.04341864972919053,0.0,-0.362640584049695,-1.516426534991372,-1.3874791088929368,3.089514169574108,0.6459603444042444,-0.14077298817757192,0.25700832981006105,-0.028727772310441213,-0.1877276115141215
1752109513.4244905,0.0,0.0,-0.1771999907440802,0.4501948791558886,0.06158826970530109,0.0,-0.6881559663810874,-1.5097094734648786,-1.0637613123926069,3.0886475785937204,0.6529744240647875,-0.17719328431944567,0.24112153178981607,-0.0258240533881105,-0.17515860078319326
1752109513.5245538,0.0,0.0,-0.1773846421324004,0.46680807293527177,0.06188319393829974,0.0,-0.43183189475862127,-1.5219272318840331,-1.3197317854713035,3.0899138265299992,0.5983885620660656,-0.17699195822741223,0.24448795572895923,-0.025966600583537214,-0.17244409825282983
1752109513.6249726,0.0,0.0,-0.17752639995799394,0.5679827027035524,0.050591553102227564,0.0,-0.8295682368171097,-1.5390759124304976,-0.9218933456351481,3.0901604144494055,0.598174510871241,-0.1771760026697917,0.246334847691904,-0.025886601956378694,-0.17194046198940235
1752109513.757828,0.0,0.0,-0.17797529249596447,0.45692031943090927,0.07083923260590155,0.0,-0.7007119391519167,-1.5363107605780042,-1.050885671644215,3.102166343036755,0.6868011681199052,-0.17687235118794312,0.2591340989126386,-0.02653457865243755,-0.1901757555174709
1752109513.861973,0.0,0.0,-0.17855805435563818,0.4426256176255526,0.026852778084492723,0.0,-0.655114239437441,-1.5194842096257652,-1.0975079772476137,3.101251332286216,0.6811066646892845,-0.1776525150862436,0.2632856345346495,-0.025179170467602274,-0.1962188422298812
1752109513.9245088,0.0,0.0,-0.17927091471808962,0.375142196638787,0.060167822949355285,0.0,-0.8624566831948619,-1.5260005628104034,-0.891196148563903,3.1011785327629617,0.7059086256265759,-0.10868112364165407,0.26308060416981177,-0.024665591614544458,-0.19735145518446992
1752109514.057946,0.0,0.0,-0.18013102620215424,0.490225993043819,0.06316675590378716,0.0,-0.5066776780972184,-1.5409177233886757,-1.246751878384249,3.1053034964061563,0.6525208419579506,-0.1780925372849409,0.25908367995605913,-0.025589728065675874,-0.1912392711227244
1752109514.157812,0.0,0.0,-0.18126215809232282,0.3768418001455698,0.050892273980893646,0.0,-0.8340196000576211,-1.525664982298059,-0.9201396038748505,3.1039273716893625,0.7090899771892093,-0.18005725179535134,0.2595858053283269,-0.02649437155655488,-0.19865848314172752
1752109514.1911552,0.0,0.0,-0.18202277167276384,0.4339888805399053,0.04698629468405056,0.0,-0.29496359755311957,-1.5265469297772445,-1.459652058451882,3.104385824817876,0.708975702514369,-0.1796552954480753,0.2598305812961528,-0.02630078326941959,-0.198639428218806
1752109514.3245053,0.0,0.0,-0.18311585883085382,0.42016814514116724,0.055974208633825386,0.0,-0.4382925301761904,-1.533274497877241,-1.3168575459276155,3.1033413040174187,0.5101875946851666,-0.12908398926093856,0.2605829843612903,-0.025104827846049133,-0.17756784513991217
1752109514.424474,0.0,0.0,-0.1846608457705874,0.5109658792039046,0.08026013398565873,0.0,-0.8703519116050541,-1.5369001876309811,-0.8857268875342643,3.1053845674825507,0.5880461166321521,-0.18182636399671906,0.24992220019575176,-0.024290020826048003,-0.1722375229492644
1752109514.557918,0.0,0.0,-0.18601303434705133,0.456184336886824,0.05934996987904714,0.0,-0.46427033679469915,-1.5312610592183884,-1.2925838312848819,3.106444119223495,0.558025373304754,-0.18314978756914393,0.26804274641175146,-0.027625824428019682,-0.18114236972960976
1752109514.6639698,0.0,0.0,-0.18730420370103168,0.4657316268809649,0.058004921125813076,0.0,-0.8024843701630742,-1.5173953565215776,-0.9568669374279438,3.1040740430457348,0.6126605984275483,-0.18537640250629076,0.2750094443980409,-0.028726304733408835,-0.18826477657912852
1752109514.760091,0.0,0.0,-0.1887854754224438,0.3994296692379167,0.04627176796072748,0.0,-0.3278102502278322,-1.5352406587362901,-1.432666953865777,3.105986957880642,0.5157606691455308,-0.18712392968650662,0.2792253637186426,-0.028779879636540537,-0.18070381724399628
1752109514.8587878,0.0,0.0,-0.19064191885968312,0.34040322584696786,0.057106737886357596,0.0,-0.6222204045166991,-1.5329333236814024,-1.1393486246636195,3.1071916840005427,0.5295125867965966,-0.1885047420874879,0.2798449724980133,-0.03050306009534671,-0.1786844141765435
1752109514.957814,0.0,0.0,-0.19217918241530396,0.445257601734472,0.05514524588827426,0.0,-0.11822648889084265,-1.5258278011974968,-1.645641610403085,3.106969832110475,0.467984238147058,-0.1904198466413125,0.28540386058921596,-0.030885533908114497,-0.1725640753650937
1752109515.0244904,0.0,0.0,-0.1939519465424162,0.4680164218362326,0.04156627692858646,0.0,-0.4347176532730591,-1.5264040787345539,-1.3314124740681743,3.1062045169645796,0.461880406370264,-0.1504682697853217,0.2865449441475797,-0.030635933684882974,-0.1716710670295016
1752109515.1244853,0.0,0.0,-0.19595730472136744,0.5322927442503516,0.07808734782609995,0.0,-0.46391217677023433,-1.5384232327957017,-1.304093395642086,3.1086851860272633,0.462242795516238,-0.19184335468250516,0.26932591499350345,-0.02739899242606458,-0.15434033611753864
1752109515.2309754,0.0,0.0,-0.19795215937955904,0.5979939910129413,0.09778559471640855,0.0,-0.3565366638773671,-1.5238427397368042,-1.4134733074460102,3.106498392323969,0.4368341586940852,-0.19373026866581758,0.27224221786321046,-0.0284385856628447,-0.14882773448536002
1752109515.3578067,0.0,0.0,-0.19994168025723663,0.4806604632237612,0.07005338912775727,0.0,-0.5439315818166852,-1.5357574367997335,-1.2286880760924352,3.1085571265233183,0.4733764214946193,-0.19602128189411694,0.2929800024253756,-0.03297378796869474,-0.1585281732741102
1752109515.460972,0.0,0.0,-0.20207935089620008,0.3940302272756794,0.05584072573370773,0.0,-0.9621138743361921,-1.5385053803077702,-0.8128223271086753,3.1112558064716334,0.5915986553533463,-0.19896381056199847,0.29926771150050624,-0.03510542807480071,-0.17130811473406465
1752109515.559011,0.0,0.0,-0.204418225255953,0.48047775980189944,0.06998290996769435,0.0,-0.5983754844128344,-1.5294341858008482,-1.1784298036074345,3.1117915297060854,0.5923104782813498,-0.2017921148175042,0.29686952541356865,-0.03561421209790405,-0.1716169993963708
1752109515.657835,0.0,0.0,-0.2066625386107694,0.40716712696532686,0.04114903195565803,0.0,-0.8663574931849441,-1.5353496098159003,-0.9129471222354686,3.112358412468369,0.6885226068461759,-0.20373255720636868,0.29402060172610184,-0.03447729530871741,-0.18302383555590218
1752109515.724492,0.0,0.0,-0.20913260641919434,0.38433071183876993,0.0797555550637856,0.0,-0.9901400384333858,-1.5403917358165007,-0.7913800818302704,3.113940477707982,0.7611990011651227,-0.06247534000689158,0.29247449924455565,-0.0342270907585526,-0.18772374573579456
1752109515.7911425,0.0,0.0,-0.21134259924997836,0.549049825249209,0.06793538051325818,0.0,-0.5044984407585335,-1.5286724347592395,-1.279955583384349,3.115867502573516,0.7601003629491068,-0.20704769161463024,0.266024620613774,-0.034591667613968716,-0.17597621122637003
1752109515.9579983,0.0,0.0,-0.21371771404163514,0.5578355161595969,0.09898792962323591,0.0,-0.7462326758803077,-1.5342919016402905,-1.0402239864209644,3.1146498087722065,0.7288722484466286,-0.20768528557944066,0.29167393416274334,-0.03906382122024063,-0.20712394843452706
1752109516.0244868,0.0,0.0,-0.21599536346669895,0.40134701786672106,0.045990944868931564,0.0,-0.36100266430428934,-1.5291062152045125,-1.4267518438802365,3.1113413695943795,0.6165591046343538,-0.1127563419922937,0.29573108214373944,-0.039178672299874276,-0.2015586103629803
1752109516.1578233,0.0,0.0,-0.2184593730917822,0.5541613592356734,0.08312686594008188,0.0,-0.7639422526262022,-1.5263401575434739,-1.02715135944466,3.1112019797049415,0.651083978783137,-0.21301524122485255,0.27725889593754377,-0.03722659315003606,-0.19409001190309647
1752109516.22451,0.0,0.0,-0.2209854014769402,0.4140430215808502,0.06559896580475444,0.0,-0.41026081588370006,-1.5386786804832797,-1.3833116559064915,3.112383390839926,0.616776750989354,-0.1710014074423318,0.27878069692206664,-0.03728771590705329,-0.19235703762040654
1752109516.291977,0.0,0.0,-0.22321001331689877,0.528444473491363,0.07942959180830642,0.0,-1.1105095812889612,-1.5235728042250405,-0.6875013028483621,3.113950207553078,0.6163378819723321,-0.21893227238657434,0.260356093237704,-0.036238052567449844,-0.17852964859273004
1752109516.4578068,0.0,0.0,-0.2258080662899852,0.5352370587813899,0.07429846748746867,0.0,-0.9713312944083123,-1.5262792377184875,-0.8274001992890812,3.1105117689672834,0.828478655827325,-0.21877514819957428,0.2735341122615044,-0.039337703418514794,-0.21722768314856108
1752109516.5245078,0.0,0.0,-0.22809499979261227,0.4601170967700226,0.0805744887419061,0.0,-0.5276360886505218,-1.5267882191962754,-1.2728557975423223,3.109084686383758,0.7587650795820339,-0.11393286575714304,0.27606740839665855,-0.039424833092871134,-0.21429161080748974
1752109516.661984,0.0,0.0,-0.23038006404335165,0.524722040000733,0.09047441011260052,0.0,-0.10227192637555411,-1.5256241225589071,-1.6989303374588403,3.1107717833732593,0.668143686845825,-0.22355056625112715,0.2580355534220043,-0.03863067563444091,-0.19721496201563743
1752109516.7244935,0.0,0.0,-0.23328759029890384,0.3633404496548557,0.0409357745513576,0.0,-0.48953901911224523,-1.5303975338636266,-1.3139986417875997,3.109340527247892,0.6185320336881,-0.13233492091290294,0.2597997230533613,-0.03866330452322976,-0.1946019489392414
1752109516.8279817,0.0,0.0,-0.2368850845542039,0.4980024865649621,0.10654994839622452,0.0,-1.099193790109814,-1.5205772984811508,-0.711835341942133,3.111870286471577,0.6178333513434316,-0.2302842660790292,0.24164207203791108,-0.03562191346262249,-0.17771253360737924
1752109516.95781,0.0,0.0,-0.24093773654100964,0.627418905816698,0.08242517391984472,0.0,-1.0986853909747045,-1.526320333339339,-0.7147626047688947,3.110850751263513,0.8926772799577156,-0.23039465966285805,0.23694989994182872,-0.03814192244935904,-0.2098430201221162
1752109517.0606527,0.0,0.0,-0.24682929836338108,0.3366405050361294,0.06135948004040588,0.0,-1.4379392321393643,-1.527076623971307,-0.3829199902191065,3.1194692172004936,1.0776282342229444,-0.2343620700397186,0.22354006440997767,-0.03847445479893306,-0.23317373885006157
1752109517.1590931,0.0,0.0,-0.2536676136069468,0.3733413813682786,0.06599959565476006,0.0,-1.4331610912513582,-1.5445954150857264,-0.39423333947737477,3.1349978331491704,1.1191522011715784,-0.23846337113214186,0.20978615817144589,-0.03860075123864735,-0.2384429744337433
1752109517.2244887,0.0,0.0,-0.26125153745963675,0.4124852066219689,0.07298407941283136,0.0,-0.864890151396806,-1.5475128731521426,-0.9677638908474445,3.1412473685450966,1.0810339729944278,-0.15271372553941867,0.2101444426651879,-0.03862088527050758,-0.2375907115189045
1752109517.357806,0.0,0.0,-0.26966012924082683,0.5099704836923906,0.14066192916123382,0.0,-0.02332805051997106,-1.5449054535931166,-1.817907987346226,-3.140405647680396,0.8588169700144423,-0.24880270108550484,0.20303159979987534,-0.040145858519717366,-0.21854439902985542
1752109517.3959842,0.0,0.0,-0.2791052620473295,0.42016762235835053,0.08334597486658638,0.0,-0.9643720623796954,-1.54607855505626,-0.8887545449276973,-3.1365200008826215,0.8588081996898789,-0.2440328320301757,0.20235783837893137,-0.04018718966583528,-0.21882641278880427
1752109517.5578065,0.0,0.0,-0.28929997299833354,0.5006272965048149,0.10481076577455721,0.0,-0.49023048277789016,-1.544848368805615,-1.3702085101444215,-3.129020650873902,0.8106671918906325,-0.26110441586706823,0.20306761069663776,-0.0451157256671619,-0.2217343657234213
1752109517.657812,0.0,0.0,-0.30051854779956705,0.26230574288652386,0.05709463559024186,0.0,-0.5393507026454194,-1.5289559085123272,-1.3313496540006267,-3.1297344435232892,0.7559997739152643,-0.2854145828700095,0.193773005234828,-0.044651647757370655,-0.20460368593272082
1752109517.7609801,0.0,0.0,-0.31184787235502215,0.3603745067592944,0.0759664488452195,0.0,-0.9056429551259279,-1.5322465244143222,-0.9778619201575972,-3.124833678835334,0.7805516433066101,-0.29532491049585385,0.19148129050838172,-0.04607302405849004,-0.20515815767583312
1752109517.896981,0.0,0.0,-0.32392103089441404,0.24628730888448383,0.05256045125583223,0.0,-1.221893706957569,-1.5238050367009535,-0.674475528327648,-3.1287822046137155,1.016336207079085,-0.2925286437176259,0.16954241417753568,-0.04382579021256943,-0.21580220036199127
1752109518.0578094,0.0,0.0,-0.3496767114001179,0.3040645696503747,0.10133450108138388,0.0,-1.4079598535544975,-1.5375685248846576,-0.5124642525599087,-2.050086651196281,1.272026670138222,-0.305991001514036,0.13921400599289496,-0.11037989731128738,-0.2229909698033027
1752109518.1601818,0.0,0.0,-0.36331683163430023,0.33045720377693755,0.08439851470792319,0.0,-0.8478094156674523,-1.541195578864826,-1.0861959126720262,-2.316842489083324,1.1318549754629623,-0.33976425012833844,0.13104185390462703,-0.11763241802294126,-0.1862042212348627
1752109518.2609687,0.0,0.0,-0.3778409046040032,0.2661914936252095,0.08138924604744414,0.0,-0.8291871632608993,-1.524165044228033,-1.1196076882195882,-2.401754183001307,1.0757536038246462,-0.35412883564000214,0.12540430455963428,-0.12301009937013298,-0.1718602042404811
1752109518.3578327,0.0,0.0,-0.3927094098298505,0.29398619375092194,0.09942802530977758,0.0,-0.4970066957908705,-1.5232526652905376,-1.4647238100178448,-2.582365285839351,0.9106655654435621,-0.37236331855043286,0.1276848750502773,-0.12145824789339096,-0.160082375686398
1752109518.3937721,0.0,0.0,-0.4083421755114429,0.31806886869248935,0.12828278255713113,0.0,-1.0873565592073609,-1.5197920501445,-0.9026814102208606,-2.5761995874115136,0.9079100412794194,-0.36496004899293283,0.12642744110639287,-0.12236491936429177,-0.15951176257956348
1752109518.524488,0.0,0.0,-0.42433376117358973,0.29548501938805904,0.13617396611994037,0.0,-0.9873291523013089,-1.5238594138002355,-1.0081387627510094,-2.8752537317857048,0.9621221897395341,-0.37269879825481744,0.11577229748186095,-0.11125157986377468,-0.1541328492063805
1752109518.6609864,0.0,0.0,-0.4408839935944705,0.37894129523634296,0.1080800032035429,0.0,-0.6116572585112259,-1.5287402901698448,-1.3989437017489166,-2.883698757533774,0.9115974820253195,-0.39615602207277767,0.11353865902212243,-0.1139366295169753,-0.15107585701300374
1752109518.758377,0.0,0.0,-0.4577264833067514,0.2526594472245409,0.10293138976388574,0.0,-0.8952597182680265,-1.5196115717009224,-1.1304594424851246,-2.9074790789132856,0.9014703954012325,-0.4311643324076046,0.11401178408859586,-0.11527311123971273,-0.15131181128277094
1752109518.8610077,0.0,0.0,-0.4749588493945894,0.242605403166394,0.10024932880574076,0.0,-0.6630503817618103,-1.5355453156096455,-1.3801515363581713,-2.963544549805876,0.827832595410554,-0.4496712683295868,0.11405723023606815,-0.11282921701532744,-0.14632545840226074
1752109518.961998,0.0,0.0,-0.49263158395073386,0.24994403403796395,0.08713071883369301,0.0,-0.8182498255354645,-1.5486536371689732,-1.2452695614189924,-2.9729821163411545,0.8205042921159762,-0.46542994932215653,0.11307530656598459,-0.11088306883452823,-0.14353203168669898
1752109519.1578157,0.0,0.0,-0.5289486976607863,0.47746632995717636,0.2271019323282662,0.0,-1.1273125730261604,-1.5462707503773825,-0.9705644263147936,-2.998600742680249,1.1067963592205226,-0.439673590767625,0.09925714458824414,-0.11606022275031082,-0.1561827371590956
1752109519.2249773,0.0,0.0,-0.5476572473566044,0.21388248116216874,0.1116864013260204,0.0,-0.6851399023850653,-1.5355325182434987,-1.4331367882042,-3.054727126063535,0.9553182416257897,-0.21143405156583087,0.10070162622057609,-0.11553512216871355,-0.15356427118169952
1752109519.324512,0.0,0.0,-0.5665130107712018,0.2828674396655078,0.165127575901493,0.0,-1.0599721390802472,-1.5382016218908918,-1.0759230733870475,-3.064630112128881,0.9741941362044344,-0.5138285722561083,0.08404893207731809,-0.09955469593045574,-0.1283771665757585
1752109519.4244757,0.0,0.0,-0.585677903735142,0.23396778728810919,0.14909810804607776,0.0,-0.9601886255119916,-1.5210445794773724,-1.1960700077911097,-3.0679729099286446,0.9665537743222733,-0.5320967125043983,0.08127366231549761,-0.09993115480071078,-0.12680925888660613
1752109519.5269666,0.0,0.0,-0.6054039611234147,0.2741807420116842,0.15512159968526262,0.0,-0.5623364710706562,-1.5439484464989301,-1.6229564046465086,-3.0384738848785626,0.962056666148836,-0.5506635496521387,0.07818826116665546,-0.10187611030980732,-0.12407800596163794
1752109519.6578197,0.0,0.0,-0.625182215974212,0.3289009577329127,0.24183170273445143,0.0,-0.8022599633453105,-1.5370205377974333,-1.3932540678222798,-3.072441958328734,0.8599309183423076,-0.5747548074196702,0.08323089738078263,-0.10767228736868388,-0.12747236821576727
1752109519.7244892,0.0,0.0,-0.6455750209363641,0.16793809063202644,0.10574139049473255,0.0,-0.7688079303911091,-1.52213491651454,-1.4459319214919324,-3.071841072402132,0.8493611060273358,-0.4846549821716231,0.0812015813916106,-0.10820247948916244,-0.12626598549457133
1752109519.824492,0.0,0.0,-0.6660577365342345,0.2753778261150584,0.16507112623855627,0.0,-0.7224604208693198,-1.5384765415247397,-1.5136218676038529,-3.077560203764921,0.8094198437697837,-0.6156980785452834,0.07423629652317969,-0.09993416951242179,-0.10918785415185163
1752109519.930991,0.0,0.0,-0.6871377340070796,0.20020763116433987,0.15802026607083075,0.0,-0.7790264455067608,-1.5193864681118256,-1.4789334499533935,-3.08813852198456,0.7974438987975943,-0.6339657805295743,0.07535886968442379,-0.10035768786066679,-0.10791614556344135
1752109520.0578077,0.0,0.0,-0.7083688378945923,0.2631713201404997,0.1925298322109568,0.0,-0.8829637996204314,-1.5303034477475863,-1.3938586949043117,-3.0877119582257877,0.82196703597994,-0.6582771579471034,0.07636797758190553,-0.10557833261496037,-0.10843197292937852
1752109520.0921404,0.0,0.0,-0.7299403409594907,0.18905806760227883,0.1502230579762989,0.0,-0.1134985993297947,-1.5381775951901961,-2.1949693776397186,-3.0795823928840678,0.8216727545749505,-0.6476013124762041,0.07526390826811405,-0.10595946577539712,-0.10762778599115878
1752109520.2599747,0.0,0.0,-0.7522252426253675,0.19055421283749086,0.16665729613479452,0.0,-0.5195737338894257,-1.539518299696148,-1.8044347467979596,-3.1100605743624503,0.512356801613303,-0.6990746885881522,0.08450351728260708,-0.11053774030105751,-0.09756997403184048
1752109520.3245149,0.0,0.0,-0.774602031446898,0.12311030792897701,0.14365872138510993,0.0,-0.9874716050872269,-1.5346772794067807,-1.3571120288907628,-3.108096903715461,0.5788602965732406,-0.5690087390744805,0.08158256022667881,-0.11104770130588082,-0.09705738339589814
1752109520.4244924,0.0,0.0,-0.7972941184839764,0.17949938953792258,0.17930494696015767,0.0,-1.142456359316967,-1.5298129233814728,-1.225817909966453,-3.099642577839749,0.6549584846241329,-0.7469580789441246,0.0679847949747577,-0.10171075668149909,-0.07800916609209797
1752109520.5349765,0.0,0.0,-0.8196785134119032,0.23135464796615207,0.21459144253863702,0.0,-0.7834627323603345,-1.533185865535413,-1.6040622378227898,-3.1010000050006457,0.6929363107160488,-0.7639036280292721,0.06448122942938007,-0.10166697577246332,-0.07321795335606368
1752109520.5911717,0.0,0.0,-0.8421040623893278,0.2595528951195241,0.20291974614607522,0.0,-0.5545771483078186,-1.556434003437163,-1.8651318468748144,-3.089798943035398,0.6907555978049364,-0.802716555005635,0.0631458553723502,-0.10004458646650877,-0.06873749618801586
1752109520.7245612,0.0,0.0,-0.8649752460548173,0.16990033468380375,0.1878543658901107,0.0,-0.3248018912077286,-1.548954663854423,-2.107218209036598,-3.090051036668732,0.609981904006724,-0.8050066575734861,0.06991375241308893,-0.10766369061719284,-0.06978325831528913
1752109520.8245053,0.0,0.0,-0.8880567864067577,0.17406804303617682,0.16413648483433418,0.0,-0.5499485023317573,-1.530925907690181,-1.907450527238722,-3.0882979355982294,0.5972501625217203,-0.8367873039879054,0.0658092127604842,-0.10477958410070419,-0.06155013382676836
1752109520.9255922,0.0,0.0,-0.9117055295448094,0.2000533765020471,0.19463257864380623,0.0,-0.828920029552464,-1.5181522108877687,-1.6489561261481547,-3.115503387669168,0.7045737451547892,-0.8562695777733526,0.06287498665783775,-0.10387559895072199,-0.06159725265993231
1752109521.0578136,0.0,0.0,-0.9355462057848808,0.3179309769999798,0.4174309032018415,0.0,-0.8930597710486756,-1.5348436780616204,-1.6133423943318217,-3.101743189051674,0.7580163762211088,-0.8798116166032706,0.06321307472240398,-0.10985841694849692,-0.0631018928372379
1752109521.0911753,0.0,0.0,-0.9595050473794864,0.14364453739534835,0.15679492554340715,0.0,-0.37415570986547997,-1.5247222160747862,-2.1687954892379055,-3.0938554242825456,0.7577118499081843,-0.8687665326972395,0.062324474921661696,-0.11017368804189287,-0.06211938453644259
1752109521.2289855,0.0,0.0,-0.9837672160181613,0.10621167381931489,0.131389640768904,0.0,-0.4114643731429182,-1.5323264461423052,-2.1455930565125136,-3.102600220803111,0.6271199941709334,-0.9182839420365208,0.06059854351543958,-0.10905208158014272,-0.05435570135058533
1752109521.3245084,0.0,0.0,-1.006850031582859,0.12182919564873121,0.20236108574321202,0.0,-0.8310262292314171,-1.536629000551745,-1.7500446768541233,-3.0950375960564043,0.6549132496936484,-0.9557573144473469,0.05539615733407058,-0.10421543556301967,-0.04826589579997844
1752109521.4245045,0.0,0.0,-1.029020691769951,0.11916960913667811,0.18999782876560242,0.0,-0.34508897374903946,-1.5397561967420155,-2.2509488067870103,-3.105287181239696,0.56279403006441,-0.9805528536434893,0.0543025574893252,-0.10655966905132014,-0.04268761482134986
1752109521.5580046,0.0,0.0,-1.0498347864475808,0.1558430560749531,0.1962426060818685,0.0,-0.9616902008274086,-1.537961347358634,-1.6548575400084913,-3.1023861857622954,0.6930839450653417,-1.0055008965948307,0.05350841366056553,-0.11394377072437667,-0.043359452632051786
1752109521.6274483,0.0,0.0,-1.069743654887321,0.06938118158701274,0.1328746051256461,0.0,-0.007457523054974947,-1.5349036164162633,-2.6423048769815205,-3.090040921295402,0.693592166186043,-0.9878024906972337,0.05173886537570415,-0.11460329147457834,-0.04120625030268902
1752109521.7319896,0.0,0.0,-1.0891522563170408,0.139661250619708,0.2118841999465851,0.0,-0.16439581198185163,-1.5366442722313882,-2.4924504987789557,-3.141264186289659,0.3031958859928365,-1.047473526545788,0.05037848541679159,-0.10672677161587435,-0.02732635227331102
1752109521.8305495,0.0,0.0,-1.1079517785847561,0.13903903087846028,0.21919590307590292,0.0,-0.5367950818391843,-1.5356121674831849,-2.1319965024720324,-3.1402428776293174,0.34667022146982746,-1.069490947113887,0.04918150292540062,-0.10696517290011474,-0.023794142224532973
1752109521.9245093,0.0,0.0,-1.1267820341088022,0.10175245115736553,0.19404999561575925,0.0,-1.0393311532111267,-1.5259532678838208,-1.6548672745359208,3.1392889831635795,0.6281605595689265,-1.0857741023929048,0.04528857007850533,-0.10605782855489876,-0.02482075512841033
1752109522.0244863,0.0,0.0,-1.145642057909023,0.1093039572665557,0.19354097049861038,0.0,-1.1403107409805269,-1.5092084323683985,-1.5709504583141352,-3.1335144823106367,0.6841599748091786,-1.1024238109980597,0.04304117255362016,-0.10838061914079435,-0.02409612360904197
1752109522.1578562,0.0,0.0,-1.1642118862165396,0.13502783553607442,0.1891753528356759,0.0,-0.8468672731852528,-1.5230744477805882,-1.8835563663859705,-3.1245755324313267,0.726680263166913,-1.1215966637571464,0.04352775244617456,-0.11569659900715759,-0.026254935961607932
1752109522.2247853,0.0,0.0,-1.1829497484904379,0.07762367183889991,0.14297420738223426,0.0,-0.4396641977868489,-1.541734727869502,-2.3144672040761107,-3.1128367812785736,0.7268119452001871,-1.1048493469891836,0.0419404589839089,-0.11627670523120733,-0.024245438899776924
1752109522.358995,0.0,0.0,-1.2010603879923256,0.11073446728293146,0.16531938514985853,0.0,-0.8328783697618832,-1.5377348695053148,-1.9339475215601802,-3.11282573735053,0.7117633434557145,-1.1597891137181229,0.03935310481424091,-0.11372575482258826,-0.024137361275456532
1752109522.4578078,0.0,0.0,-1.219269875472662,0.09762649828657696,0.10754556481437148,0.0,-0.15932209245926324,-1.539141286272597,-2.626024037408245,-3.1099411721457866,0.6257858335362088,-1.1976268427528007,0.04099009346971365,-0.11241310434899601,-0.025218750694073543
1752109522.5244856,0.0,0.0,-1.237028223463517,0.0697999071955939,0.183101100320869,0.0,-0.012035881928384473,-1.523941960421106,-2.7899225989384204,-3.133875729968973,0.41929410202300416,-1.1904532280037785,0.040705979212578555,-0.11280179132527388,-0.02158125664411897
1752109522.6259727,0.0,0.0,-1.2548263878782364,0.11282900533676683,0.21591838898705618,0.0,-0.2260329019846031,-1.536056241588292,-2.594845230210519,-3.1412532939415483,0.3540741831609488,-1.2178520548955138,0.03568408866512578,-0.1056736310926372,-0.015347790691676407
1752109522.6911666,0.0,0.0,-1.2723315277195977,0.06911703710878475,0.16575139135293399,0.0,-0.4441069279634205,-1.5076554122827668,-2.4022522583698427,-3.1364446568689512,0.3536999666921088,-1.2425092075592328,0.03569175441452513,-0.10531200906843975,-0.013734297994386552
1752109522.8578045,0.0,0.0,-1.289489392365782,0.054884536890458545,0.15169714650083604,0.0,-0.4885163011187225,-1.5134478374612148,-2.366563042979111,3.136024382563102,0.4026958492636479,-1.2494687665453266,0.035527203504582106,-0.11482539434177334,-0.011883480786152738
1752109522.9244921,0.0,0.0,-1.3066815637018179,0.05755198870975367,0.15843453620661077,0.0,-0.595895766783014,-1.523853415250783,-2.274325519078653,3.135958192448184,0.4325369972323823,-1.1700612657820184,0.0340247627769284,-0.11524429323120569,-0.010422893211109962
1752109522.9911556,0.0,0.0,-1.3239219569769842,0.0785862900623487,0.24920643788878055,0.0,-0.8749109576653991,-1.5315013799313353,-2.015907947211815,-3.1415159983746035,0.4316455158088535,-1.2940535983532984,0.0284747592063948,-0.10290522911932838,-0.007636413776045381
1752109523.0578442,0.0,0.0,-1.341284081964293,0.02723874681670851,0.14173279661720486,0.0,-0.6889649436887095,-1.5200799741727102,-2.218800572132085,-3.1406496365755103,0.5062750975798234,-1.310261822552766,0.02789883400541837,-0.1070632086330439,-0.008067635405560731
1752109523.1920114,0.0,0.0,-1.3584484934359518,0.08397322228071741,0.1432399802602162,0.0,-0.4072169729443958,-1.499055018444144,-2.530203688348854,-3.134483202620099,0.5362573909117262,-1.3145591770207112,0.024483863591330052,-0.11050430713810795,-0.005563542945431981
1752109523.2911613,0.0,0.0,-1.375464659238612,0.017701616128632122,0.19342744066877798,0.0,-0.40724969265320177,-1.499085354660575,-2.530209638166293,3.1278531061868877,0.4867854484006342,-1.3392964356135144,0.023974784272799907,-0.10478185793632604,-0.005884996498556546
1752109523.457809,0.0,0.0,-1.3924917464486286,0.074021668979869,0.11683761881541832,0.0,-0.45638334952463133,-1.5164995583745662,-2.503816407316825,3.1223380852449365,0.47042809871995855,-1.3522482769058677,0.021781143420980843,-0.11131126318096402,-0.004272183738867607
1752109523.5244813,0.0,0.0,-1.409373589433337,0.027828280429696785,0.1436567746249957,0.0,-0.46155742031215563,-1.5290399960582417,-2.5131953045316053,3.1206414247318586,0.46839445813869585,-1.2082363202582465,0.020375831022274384,-0.11160819381563944,-0.002777691451899121
1752109523.6589813,0.0,0.0,-1.4261391982168994,0.07963731977968377,0.14956761126142812,0.0,-0.7284484468540245,-1.5124990700185934,-2.2657498773364173,3.1293282573460317,0.502637424081013,-1.392028366793593,0.018623474079059496,-0.10309450798561201,-0.0029957560265615546
1752109523.724508,0.0,0.0,-1.4428863778376846,0.026600661074663252,0.13735668056018463,0.0,-0.6581906211289428,-1.5282492710266475,-2.352770838760619,3.132113698418074,0.5260334550564297,-1.3174718271874273,0.017244888282292863,-0.1031813949242371,-0.0017043106640888732
1752109523.7911553,0.0,0.0,-1.4594057360563202,0.022091380524029862,0.17464609965524305,0.0,-0.524932823376117,-1.5462613074036078,-2.507115313715836,3.139163750659388,0.5240582543472647,-1.4298129235608943,0.015356461168150143,-0.09477785852830503,-0.0018885585072076605
1752109523.9578183,0.0,0.0,-1.4762029291522671,0.06039702658287818,0.1996256080248964,0.0,-0.3017731478950442,-1.5386192085135189,-2.74053268227623,3.1411353505201625,0.45320270808266816,-1.436576248258179,0.013345037166911993,-0.1038135558000292,0.00034031017350496595
1752109524.0279806,0.0,0.0,-1.4926219135691765,0.040253768381849776,0.13349643918385853,0.0,-0.8460400441879564,-1.5369517170054996,-2.2135153950462523,3.136530507744225,0.6268231399852082,-1.1200173566880627,0.011844984520074186,-0.10389425344131929,0.0006039411729591501
1752109524.157809,0.0,0.0,-1.5093805414501906,0.0396586322726224,0.19646106905637073,0.0,-0.4461661300958409,-1.5288442477318538,-2.630362549758405,-3.1351397520610043,0.6022901203125856,-1.474711106632312,0.010259198453957239,-0.09522585453641254,0.0003989485307713098
1752109524.2578187,0.0,0.0,-1.5262256733202082,0.027890650823757916,0.12246448953057167,0.0,-0.8358049469408255,-1.5189214001519578,-2.2577490454211944,-3.1325959214694166,0.6458134433126559,-1.505661916783923,0.009191067658302948,-0.09523207562442079,-0.00015001411629416827
1752109524.2911692,0.0,0.0,-1.5431465314111121,0.034149890926278854,0.11756512121885342,0.0,-0.5370936253377084,-1.5414955933636836,-2.580251112890444,-3.1281800062947225,0.6457337464248739,-1.498805331973162,0.008532804233524316,-0.09518733588814544,0.0005094044015358795
1752109524.457813,0.0,0.0,-1.5598730553398583,0.016656049593843338,0.11435934430929573,0.0,-0.7319994667042229,-1.5424415739339339,-2.3924244317093386,-3.127533646300602,0.6297453812383695,-1.5176363752440123,0.006780881179752952,-0.0954275620209361,0.0007199258630566068
1752109524.5244973,0.0,0.0,-1.5759294858423665,0.006807570889146214,0.11895513576252653,0.0,-1.261404739420028,-1.5357332953744882,-1.879679717598991,-3.123222906505254,0.7220965975764939,-1.3546980781388955,0.005499026994867462,-0.09534380494174992,0.001481268984340337
1752109524.624496,0.0,0.0,-1.5914464138212832,0.038538737496721445,0.12014178110367164,0.0,-0.8021632902199525,-1.531541581215546,-2.3550176326568257,-3.119420435740904,0.72906149139345,-1.558072464639676,0.0023665115384499313,-0.08480299982656611,0.002479484098520694
1752109524.7578137,0.0,0.0,-1.6061947364274674,-0.006093187538792399,0.17240536677400647,0.0,-1.053841203775887,-1.5394041703442531,-2.114940345025992,-3.112726403015428,0.8347837428966558,-1.570201098303935,0.001416311713199093,-0.08707683512906951,0.0018133874652775188
1752109524.827987,0.0,0.0,-1.6198533087421472,0.010291824385319486,0.12301516347809126,0.0,-1.1181079461512655,-1.5165342335619723,-2.0611546346400895,-3.1225426317862186,0.9263983896027002,-1.3247912697005741,9.64522950116242e-05,-0.08681143502346847,0.002216122469553968
1752109524.9249816,0.0,0.0,-1.6336343142820255,0.01844257057134427,0.13536817826456604,0.0,-0.7610948484828418,-1.516927405071065,-2.4384305993998057,-3.1257854742609723,0.8744592794881001,-1.5965428857966015,-0.0018171570212809052,-0.07922807108634544,0.0026713398575686402
1752109525.024494,0.0,0.0,-1.6478739401276303,-0.004732955636343353,0.1478693132812579,0.0,-0.4359810383645459,-1.518991248273542,-2.7750705940908307,-3.128576685275764,0.7689129960198375,-1.6134445262343726,-0.002859594048778383,-0.07835423072755675,0.002747446167099649
1752109525.1578352,0.0,0.0,-1.662661891219212,0.1271040303545936,0.21897049813951838,0.0,-0.7424949374536018,-1.516812087314909,-2.484654659536234,-3.1296682726172813,0.7611912989304068,-1.6289457240277827,-0.0030799829332521056,-0.08320923327849879,0.001713297224599774
1752109525.2251973,0.0,0.0,-1.67723370134816,0.0659244059232641,0.1229770297511831,0.0,-0.4253166043571669,-1.5110536972935484,-2.8151945281518103,-3.134415597574934,0.7081306323340942,-1.5736008037822036,-0.004296627523103247,-0.08291575972373191,0.0025930317483501817
1752109525.3244965,0.0,0.0,-1.6911287280008547,0.13390927991462562,0.19768042047996234,0.0,-0.1200818687746609,-1.5153564679345666,-3.1329702889523983,3.1408184718516736,0.573726562782451,-1.6610658813197252,-3.331218809936244e-05,-0.07702835820192427,-0.0025758934762436497
1752109525.3917634,0.0,0.0,-1.7047304128568421,0.12559045274930297,0.13206530789297974,0.0,-0.6591801620339124,-1.522460166339783,-2.619461380671883,-3.1364118035021384,0.5743399063889348,-1.680155678080882,0.0036171072772758243,-0.07592709069843817,-0.0049101222796801855
1752109525.5639815,0.0,0.0,-1.7177015452684414,0.138692859172111,0.11908646736854725,0.0,-0.8416087625764175,-1.5213063248762635,-2.444086402266371,-3.138438376757261,0.6522525237218204,-1.6827004559013976,0.013043857194204297,-0.08216964302713463,-0.012129616668740241
1752109525.7244759,0.0,0.0,-1.730434076996654,0.19696363127881217,0.10153460185005532,0.0,-0.06937419885072459,-1.5310915637204865,3.0412013384884866,3.1282583119981986,0.3663440049448808,-1.7088187264833634,0.027461648069726407,-0.07873862434443209,-0.02400629079966227
1752109525.7944007,0.0,0.0,-1.742987501195731,0.15987488608649883,0.12053847650261847,0.0,-0.511574024332628,-1.535593709259606,-2.811322886304928,3.132090664636749,0.36536269110355596,-1.7335839192607958,0.031248140670268865,-0.07127180444578946,-0.0230241655488307
1752109525.8911707,0.0,0.0,-1.755082525109214,0.2868457389618793,0.12376101001689158,0.0,-0.5115854580762074,-1.535593892678751,-2.8113118760623466,3.133999911692044,0.3885311476455322,-1.741340668456591,0.04896236058185338,-0.07382806003051942,-0.029687746636458106
1752109526.058987,0.0,0.0,-1.777109672720911,0.2693469816797303,0.10182526468708891,0.0,-1.0191528367273046,-1.5198435410173132,-2.326557879666516,3.1342135715196804,0.5663797129845026,-1.7498174239877822,0.0715942439063555,-0.07719896636733392,-0.041161379190919306
1752109526.1245515,0.0,0.0,-1.7865360941383088,0.2706391645924083,0.09762142165333734,0.0,-1.094855799840176,-1.5365253371891603,-2.2610810865454316,3.134313104042586,0.6743772522987346,-1.5889645160960704,0.07190343815593223,-0.0768321790241687,-0.04226112006902762
1752109526.2244976,0.0,0.0,-1.795100757386035,0.5126585100449821,0.14157950405790473,0.0,-0.903879525397337,-1.5213181849672048,-2.459419923735492,3.1353388974077774,0.7101006955858136,-1.7766949318462746,0.08107177938876213,-0.06699053183686772,-0.05357223215936019
1752109526.3244817,0.0,0.0,-1.803003352233152,0.8874994792101246,0.26628783432619696,0.0,-0.622740586047302,-1.5335116024736788,-2.7460809087613094,3.1275383056805843,0.6689888222723389,-1.7858189699342033,0.09361086623334174,-0.06518221734477314,-0.06707648459994377
1752109526.4578178,0.0,0.0,-1.8102361828942382,0.34567319284192377,0.1219760625599914,0.0,-0.9319718326428389,-1.5377960472340966,-2.44339325788692,3.1312986054013265,0.7574866644519921,-1.7936690374965238,0.11307128871583637,-0.06732273746328003,-0.08931945123167567
1752109526.5578105,0.0,0.0,-1.8168342906469725,0.35347250914360523,0.09574575884491561,0.0,-0.5458912779804882,-1.524351010810419,-2.835204284012007,3.125401233104654,0.6893681255815776,-1.8086487528719457,0.12967649389923283,-0.06759994297791248,-0.10805668829252672
1752109526.6619773,0.0,0.0,-1.8223577063147531,0.3858522557745898,0.10546615041174984,0.0,-0.643107496651307,-1.5337802638744429,-2.743013984331181,3.1273176187120644,0.6815383109304948,-1.8157604543652348,0.14279999624582213,-0.06724860561513735,-0.12048383753616744
1752109526.7244883,0.0,0.0,-1.8275721430390182,0.39391027553280217,0.09489830255169061,0.0,-0.8534232640450649,-1.545617103710098,-2.538783622159834,3.1289255942198073,0.7067093870182606,-1.744114331018896,0.14447209729791016,-0.06677988867360465,-0.1229326116397404
1752109526.8299794,0.0,0.0,-1.832270293015355,0.44147520606280105,0.1220752879043051,0.0,-0.683658924682318,-1.5268305722271103,-2.712593370344539,3.127357300594266,0.701396705963192,-1.8219509686089148,0.14353939687400732,-0.059643865593169976,-0.12178080801803455
1752109526.9245129,0.0,0.0,-1.8359237924187297,0.8890137075617647,0.2198692687213689,0.0,-0.803595891982363,-1.5407520081282906,-2.597661315990627,3.1288518746094045,0.7196372019106729,-1.8275835955322914,0.15096612027938808,-0.05907367650301053,-0.13036631855713807
1752109526.9912086,0.0,0.0,-1.8396080526085092,0.5175240107984482,0.12330326104639197,0.0,-0.4399919548029198,-1.5272489544956935,-2.9639043816389474,3.1318395816986015,0.7195820961105466,-1.8326172582735936,0.1616910252810249,-0.05978789213129149,-0.14166173923044686
1752109527.0679903,0.0,0.0,-1.8430012792217871,0.3501234072842494,0.07847802191707166,0.0,-0.20175578981608713,-1.5233434993942794,3.0788299282414524,3.1199279527453374,0.6047971176176937,-1.836493182137458,0.18050935356076556,-0.061591989402239776,-0.1518541614487324
1752109527.1579568,0.0,0.0,-1.8458875917654207,0.3793213332928392,0.10301317950857129,0.0,-0.15488542707703787,-1.537055643380456,3.0296112474768617,3.117432920758084,0.5401702051218518,-1.8400441342064584,0.1997812916261294,-0.06271891315089566,-0.16015006380232255
1752109527.257806,0.0,0.0,-1.8479899001485687,0.5713637141371638,0.11158522350500553,0.0,-0.6032829952564975,-1.5260435005010469,-2.807476616907302,3.116090140190228,0.43451629470939007,-1.8430351975636712,0.21698065961539206,-0.06419934781295551,-0.15989454908697873
1752109527.3578124,0.0,0.0,-1.8499456200349966,0.4199007341147109,0.10218717028220388,0.0,-0.24368456329492194,-1.5204725898106495,3.1142131662477226,3.1111623316330146,0.4901673993197791,-1.8457215631626807,0.22783442465534548,-0.062365006551801876,-0.16392486532742448
1752109527.5689745,0.0,0.0,-1.8515188862819585,0.4078433437332257,0.09948672811101412,0.0,-0.7877593199977985,-1.5314970536594188,-2.6274978964833666,3.104504112480173,0.38023725588065416,-1.8492537300393368,0.25887317376775415,-0.06366009782613127,-0.1609252475256546
1752109527.7578306,0.0,0.0,-1.853639347808661,0.6574890952382128,0.12747935204175806,0.0,-1.0634347602173304,-1.5388467513181128,-2.352376331764459,3.1072812618324877,0.6265398594057734,-1.8504782699222966,0.283666311502837,-0.06522193682214382,-0.18640767808460937
1752109527.8578525,0.0,0.0,-1.854442396526223,0.5217683147726787,0.12935158606439853,0.0,-0.748695283668596,-1.5265689383700451,-2.6682747701634866,3.1063222093652847,0.6589837865603131,-1.8532441872557697,0.2770776780367965,-0.06267305252636944,-0.18731530273064878
1752109527.9349043,0.0,0.0,-1.8549409740506242,0.5310722540788853,0.10210378061802136,0.0,-0.36127028810981876,-1.53342262049928,-3.056428296824945,3.1063732983304044,0.579016140609056,-1.7960893091827663,0.2839888537882306,-0.06236772010872068,-0.18656412418580284
1752109528.0578065,0.0,0.0,-1.8549467626639415,0.5334120645965255,0.1172500596245977,0.0,-0.47929753468162084,-1.5468218096826463,-2.93953009870915,3.1102849228663576,0.5466253686701177,-1.8555025340393376,0.28694813671330327,-0.05952706560475957,-0.18524307103180762
1752109528.0911443,0.0,0.0,-1.8544320432939025,0.44277419558438436,0.0937715578537044,0.0,-0.6816913900197402,-1.5201019903232524,-2.736705352056036,3.1103718750153604,0.5463725983416291,-1.8556540863678872,0.288925182190027,-0.05932103598787283,-0.18644522023908303
1752109528.2246766,0.0,0.0,-1.8530791121147447,0.5930603044020123,0.11301353440278747,0.0,-0.7423556852657814,-1.5260142613111682,-2.6756634036581923,3.101669915628829,0.6087655066651891,-1.8561352457690872,0.29600960054388836,-0.05955959760626719,-0.19614781009725593
1752109528.3578107,0.0,0.0,-1.8514631585529995,0.7469403675963481,0.15790001152497202,0.0,-0.9983267337110461,-1.5314793719325013,-2.4171252028959502,3.0995480456300104,0.7600356346678473,-1.8562850361017116,0.30290157627360104,-0.06006210953182159,-0.21948040117532178
1752109528.4609842,0.0,0.0,-1.8489863505828148,0.46069515924135424,0.06488259842743481,0.0,-0.573862602165816,-1.5303407550770216,-2.8376946400693073,3.0977431852974604,0.7351196800027688,-1.8530450372024971,0.31144051834262987,-0.05916245297693824,-0.2359455526844208
1752109528.5245135,0.0,0.0,-1.8464860654296917,0.445420970727821,0.07058313530929458,0.0,-0.3365377561116394,-1.518690227420322,-3.07301930696886,3.094606700644806,0.6047833957265247,-1.7869047239377467,0.3195764676003627,-0.05892408166173759,-0.2318460990055796
1752109528.5936713,0.0,0.0,-1.8433425340619665,0.6546800532704543,0.11177762442248038,0.0,-0.496910958806525,-1.535658660328865,-2.9079366150336083,3.0939682063697305,0.6046088713181295,-1.8488660933427135,0.29849042408989,-0.05269657700321743,-0.2109126546332195
1752109528.7578137,0.0,0.0,-1.8398724594874236,0.8966506419542809,0.13863133306129394,0.0,-0.7546879231468107,-1.5382513645834601,-2.6481124858459824,3.0958816192108323,0.6353793521352289,-1.849142608693573,0.33618366488938256,-0.05673354918605673,-0.24485381223948888
1752109528.8587162,0.0,0.0,-1.8357845343243826,0.42006010830628726,0.06675825653055915,0.0,-0.423851368008959,-1.529162521541525,-2.9743166017065854,3.0950090670920716,0.5627404016982497,-1.8412609289633388,0.33319120465980073,-0.0537790500520456,-0.23339945246929
1752109528.9578238,0.0,0.0,-1.8314127542557228,0.4507299323117096,0.06752288047701256,0.0,-0.20266028441624195,-1.5165644497511785,3.0923316452534984,3.091804014840287,0.5055514741107082,-1.837099792929046,0.34224012882727206,-0.05264542856372251,-0.23001480653852174
1752109529.0911453,0.0,0.0,-1.826856462441312,0.5804085255363123,0.05850236722984206,0.0,-0.42730802843580495,-1.525139033501085,-2.9609913566551125,3.0903753765829975,0.47756664726393977,-1.8339262116799284,0.35112852459474947,-0.049138965732812616,-0.2272949471989266
1752109529.2613,0.0,0.0,-1.8165422240554256,0.46130125222253854,0.04741266459752517,0.0,-0.828737702067762,-1.5241299073485326,-2.550440877652712,3.087308672780793,0.6094658411488973,-1.8304415940953414,0.35767716840968955,-0.047014986749956245,-0.24133906794724747
1752109529.3578174,0.0,0.0,-1.8109532870229519,0.594977246455531,0.07917568460931246,0.0,-0.3773246853963288,-1.5236740577133099,-2.995970963191332,3.086683750304693,0.5401325983400693,-1.8173847714783304,0.35334574524127843,-0.04373209383269227,-0.22984631347842926
1752109529.4578238,0.0,0.0,-1.8051873640845328,0.5965095693742408,0.06177673993562378,0.0,-0.6042019758617263,-1.5299529489913257,-2.7634744573978915,3.0867379780550603,0.5547658194089086,-1.8123951087712027,0.3544325385106088,-0.04121894348482005,-0.23009184576213082
1752109529.4949908,0.0,0.0,-1.7989984507829397,0.7373714211798286,0.07507979286218106,0.0,-1.0315527151594566,-1.5253535261059825,-2.3280536717860683,3.085491016536144,0.554371296907576,-1.8150705886269398,0.3564377347851623,-0.04086935053106435,-0.23127418434936503
1752109529.5918696,0.0,0.0,-1.7924549543262038,0.5971741025164488,0.055731169463383363,0.0,-0.6384325897310439,-1.5395081216939255,-2.7139247496765155,3.082361649818754,0.6259264777989509,-1.8066367718906151,0.34082399400548924,-0.03652060942166984,-0.22828373004354885
1752109529.6939783,0.0,0.0,-1.7855960226033196,0.7857505111621556,0.053039378710862256,0.0,-0.7528852231080209,-1.554103891444845,-2.592212677864137,3.0880071880382083,0.6296732529124134,-1.8008074722506422,0.34379536210408934,-0.034599382141366535,-0.23285197647776273
1752109529.7578619,0.0,0.0,-1.7786175755712954,0.5239006428531465,0.05121715277088379,0.0,-0.7512928810498569,-1.5399218621670896,-2.588251782725527,3.096409973576959,0.668918379691475,-1.7914942116862043,0.3395318219139702,-0.03209832536789229,-0.23710899463235313
1752109529.8578598,0.0,0.0,-1.7711852442891518,0.4929454732948594,0.02137034649798191,0.0,-0.5434882537760415,-1.525193845227312,-2.7880653301319085,3.094542860470492,0.6880138667456188,-1.7876473034485532,0.3544164778858675,-0.03205542916004743,-0.25614771742899267
1752109529.9618235,0.0,0.0,-1.7636146840201818,0.5392021084908118,0.03978403279517296,0.0,-0.42816037693920517,-1.5087881236900638,-2.896087853836626,3.0902122715610787,0.6390776387876366,-1.7805530865036907,0.35683477431567234,-0.027997899829866932,-0.2546534022171821
1752109530.0919836,0.0,0.0,-1.7556696948401034,0.4494253236653989,0.014632809341553225,0.0,-0.5676380008039964,-1.5208795880234194,-2.7481129806427553,3.0816447763230936,0.5843159885565778,-1.7750853885171927,0.35819519658078225,-0.024908310941508992,-0.2490050387655476
1752109530.161975,0.0,0.0,-1.7473236027786527,0.5960878088437283,0.039965028446705346,0.0,-0.4007355931640538,-1.5044686787042694,-2.903205647760569,3.080446118328016,0.5793576058913842,-1.7624249990990668,0.34628518916068823,-0.020260005820121614,-0.237190355396406
1752109530.3578155,0.0,0.0,-1.7390228560852654,0.7620542446112079,0.02000302830839405,0.0,-0.46787164333509274,-1.512477366282133,-2.829859166660271,3.071019804586345,0.5011548604344586,-1.7620556448106823,0.38992574615812464,-0.017689075564726202,-0.2576624523696275
1752109530.4597197,0.0,0.0,-1.7299728641333252,0.5168163364058922,0.013772533836901807,0.0,-0.6039906902256399,-1.521187362472302,-2.686391534497678,3.0717084256191765,0.5293416445843468,-1.7408732401431486,0.36744384648088524,-0.012165338988648133,-0.23695674078066892
1752109530.5595963,0.0,0.0,-1.7207141236360697,0.4982436503670142,0.01439205576765966,0.0,-0.7580690036237585,-1.533119076152318,-2.523472227794206,3.071878440817944,0.5683481154274385,-1.731640580949519,0.366059406743325,-0.009040541922565117,-0.23752549442615065
1752109530.657839,0.0,0.0,-1.7113779644862976,0.5095115232189091,0.007605065036688205,0.0,-0.6584995851751195,-1.5169887756240097,-2.6121883222079334,3.0683457391098665,0.5797599907290767,-1.722215062642946,0.36372833958989725,-0.005502974604020022,-0.2362583197564209
1752109530.7244778,0.0,0.0,-1.70182499725893,0.7272820563245491,0.009486362928255426,0.0,-0.9298186327506166,-1.53130341513052,-2.327590901409965,3.0644533805574863,0.5788397018245224,-1.7295534497658502,0.36623084735503103,-0.004382579674921937,-0.23762841369497953
1752109530.9605947,0.0,0.0,-1.6818023523024797,0.7938907317289196,-0.01800169754321306,0.0,-0.6079984185607086,-1.5264618061068636,-2.633786485911678,3.0641059859917927,0.7292553598440309,-1.7244610660886153,0.37268586343112076,0.003313173430727612,-0.2665124672481477
1752109531.0619848,0.0,0.0,-1.671077903454554,0.5124730594667496,0.003520547936028239,0.0,-0.7712812304417123,-1.535360563272264,-2.461468131128361,3.0669482964718524,0.7392567838368046,-1.6852106428919955,0.3461595183578046,0.007605131331233789,-0.25772529281781126
1752109531.1245155,0.0,0.0,-1.6601339626631193,0.5908757549196268,-0.02377513183816073,0.0,-1.0500768619759462,-1.5317864522945512,-2.172510604097949,3.0690144463850846,0.8236015925710011,-1.5128552239497164,0.34462291948034657,0.00852352515441521,-0.26440058107486625
1752109531.2578204,0.0,0.0,-1.649052233875726,0.8512346849760082,-0.006978852746414669,0.0,-0.9127495595347153,-1.5168975890699963,-2.2988081042242596,3.057529443908299,0.8471729382501509,-1.6776406065136469,0.32699750824120094,0.01575052690649338,-0.2673123256515808
1752109531.291157,0.0,0.0,-1.63779544634471,0.592336113901359,-0.04882389759154888,0.0,-0.4637206757781294,-1.515241074994029,-2.7313311257218467,3.0533986535684967,0.8465541906555005,-1.6833750062120278,0.3276037008377329,0.016434506154591532,-0.26815456565274715
1752109531.3913598,0.0,0.0,-1.6263496009775762,0.5858264869710752,-0.006241269845710504,0.0,-0.7227764596343746,-1.5169750210021427,-2.4616622847584173,3.06110999058979,0.6736642654588659,-1.6527211491863147,0.32374505083737903,0.02188652119925689,-0.25418788082079635
1752109531.4629724,0.0,0.0,-1.61443500471493,0.5825974275577493,-0.039116483777021906,0.0,-0.4378275862877365,-1.5163212803450827,-2.7341714231377843,3.0599555781642893,0.6828418259169389,-1.637336356847891,0.32447235095929433,0.023552246112189434,-0.25722559886422175
1752109531.593138,0.0,0.0,-1.6020669636333247,0.5528410565562256,-0.018675508831427115,0.0,-0.36043889652687344,-1.531036775275737,-2.797972251736968,3.051381078536667,0.6505687760101402,-1.6340629716958737,0.33763241470416905,0.029587302769437978,-0.26622097274164064
1752109531.7579846,0.0,0.0,-1.5898364084334549,0.8568980334326604,-0.04842438968880514,0.0,-0.7313534233374728,-1.5343309111693733,-2.41594125004883,3.0613581307375153,0.6157398758392921,-1.6211317352071275,0.34813894818394525,0.03351792212702897,-0.2694991689466319
1752109531.858299,0.0,0.0,-1.5776886198640458,0.49473278624187467,-0.03861084954965605,0.0,-1.1604597916310742,-1.533415477924855,-1.9719578251218963,3.0631216888750386,0.8144224535110342,-1.5954301927707515,0.32715835132135684,0.03659373349566069,-0.27572199307765094
1752109531.957802,0.0,0.0,-1.5655772964425159,0.5837258216783491,-0.03920345772299783,0.0,-0.9116507707018907,-1.5329456057646826,-2.2132320087664437,3.0551750156204776,0.8242918813344898,-1.5829678153075197,0.3235991158145054,0.040133863543374594,-0.28273521006424285
1752109532.0578065,0.0,0.0,-1.5536670693792567,0.5592745920661415,-0.030331376792024897,0.0,-0.6227473619019688,-1.522134063922967,-2.4897587582633385,3.0504511343879663,0.7878874114701021,-1.570463633765718,0.322779782024527,0.04267421212508157,-0.2850255561606819
1752109532.157843,0.0,0.0,-1.5415947496737354,0.810407962761346,-0.05562145169563471,0.0,-0.5198355272338834,-1.5066910809612102,-2.5799736744179884,3.0565068671693902,0.6482764307501103,-1.5565799594105194,0.33008825489675275,0.04470572640682688,-0.2749593499164233
1752109532.2580588,0.0,0.0,-1.5299117634372439,0.6705350933678056,-0.04622000360377703,0.0,-0.5402790551656652,-1.5183814552131516,-2.548355306931803,3.057795424534773,0.6143988322894921,-1.5446006249682578,0.33146636894112647,0.04650607645644241,-0.26911868974208997
1752109532.3244905,0.0,0.0,-1.5189595566932323,0.5202548529803229,-0.03570128907523649,0.0,0.1012760269409429,-1.5227499734783487,3.1106450107599066,3.052171260110832,0.6130577015016817,-1.5543108516007687,0.3323609879686947,0.04807081210854614,-0.2703202664957248
1752109532.4578285,0.0,0.0,-1.508349633078341,1.0042626103447356,-0.05683057345181865,0.0,-0.043181392391097945,-1.5170473374356517,-3.022117118452495,3.070153781964361,0.2787276447034838,-1.5283995232939076,0.34809960611558116,0.047460898419128275,-0.2289686869321272
1752109532.5578082,0.0,0.0,-1.4984953293571615,0.5521132757248168,-0.06432928582330044,0.0,-0.4244961174911438,-1.5157009945477933,-2.6304484303324087,3.07165037469953,0.31868150354252306,-1.5084303032022832,0.3591084631671507,0.050183210836417504,-0.21447197312962069
1752109532.6579762,0.0,0.0,-1.4893356344670854,0.6227121309155778,-0.05420778710560023,0.0,-0.29336660667211245,-1.5059874366876884,-2.7551344512564935,3.070131999099009,0.31458270833590424,-1.497707323253618,0.3609595268125257,0.05141914757086733,-0.20146384782166663
1752109532.757838,0.0,0.0,-1.4812475375033036,0.529331374884941,-0.05046354980808896,0.0,-0.1989024243108429,-1.4899736538045556,-2.8410330283314433,3.067700770933641,0.29550054691436456,-1.489499331268207,0.36152315047486805,0.052661305212854934,-0.18720038541110065
1752109532.8245354,0.0,0.0,-1.474262847968938,0.5145136298741161,-0.05771805760486101,0.0,-0.307522998175499,-1.5008887472510297,-2.7264223754936343,3.06722533285311,0.2968762341500986,-1.4680886184531579,0.3627946476257216,0.05409441460967129,-0.1865206195669792
1752109532.8919747,0.0,0.0,-1.468489257667457,0.7377638613661908,-0.0751984569151041,0.0,-0.5195311106380166,-1.5125147142078033,-2.506086216311254,3.0661969414193777,0.29677261993042336,-1.478545227602023,0.3314972240181499,0.050957674974088894,-0.15887267418846734
1752109532.957828,0.0,0.0,-1.4636469539816326,0.5766637489162141,-0.0541336151695076,0.0,-0.7581441851112194,-1.5018357159652334,-2.262943596020628,3.068510432599467,0.34572020455523056,-1.4724827885725074,0.3442110307149628,0.053668522735933706,-0.16246036877185877
1752109533.0578084,0.0,0.0,-1.4597478190729096,0.5729776355704573,-0.048991224487223824,0.0,-0.8058608733147743,-1.5130387079006564,-2.2107902354799753,3.0680290188721138,0.48712622258110333,-1.4681228475820258,0.34675039449985845,0.05689011954441866,-0.17645542640519238
1752109533.1589625,0.0,0.0,-1.457082320406663,0.4604269627671042,-0.03826161715469707,0.0,-0.770784807916594,-1.528465421836163,-2.2431819956406174,3.0716233422986097,0.6009737608320137,-1.4639687410370146,0.3369911505144409,0.057622808008182626,-0.18482038210528368
1752109533.2578402,0.0,0.0,-1.455278191323655,0.5000995802875746,-0.04843026061844129,0.0,-0.45918772130176283,-1.5232015387790372,-2.5523830744226035,3.077002400210583,0.6391541406669466,-1.459415435809138,0.3294685451936355,0.05768830889611039,-0.18786629287691498
1752109533.4281652,0.0,0.0,-1.454678845520542,0.7341232736014147,-0.06110880820638795,0.0,-0.5845801138935192,-1.5419114892905403,-2.426106315914536,3.081290964735432,0.5867507125149827,-1.4565091978922753,0.31812485771208643,0.05764702997100257,-0.17778030141724185
1752109533.557821,0.0,0.0,-1.4545737238931828,0.44292258022970227,-0.024508407921865035,0.0,-0.8480255745927621,-1.536695235682016,-2.1625114412663415,3.0925863976953476,0.6560443240103125,-1.4542000062528415,0.3290581744864691,0.059154328768012236,-0.1984969234635314
1752109533.6578035,0.0,0.0,-1.4554000884943177,0.4647768841312539,-0.029847675299493625,0.0,-0.5022031407287117,-1.5271902234128705,-2.5084184571438195,3.0944924906101674,0.6301235015542086,-1.4536031553002293,0.31447361669497137,0.055960658193034196,-0.18916803638328544
1752109533.757833,0.0,0.0,-1.4570501110676222,0.4816367281211213,-0.004404521641267141,0.0,-0.35286935324846574,-1.5171663487053826,-2.659917134383468,3.09437079270662,0.5462659431170188,-1.4542226933724027,0.31642786503659576,0.052408538627680655,-0.18316180106852037
1752109533.8578317,0.0,0.0,-1.4593562339942066,0.6808208557177461,-0.016929450528699333,0.0,-0.28237157272122876,-1.5333758870838867,-2.733866637785982,3.097964238424927,0.5074658382783818,-1.455521568238263,0.3193973124562458,0.04977488960291952,-0.18019958251377993
1752109534.0589848,0.0,0.0,-1.4656231678070493,0.4616740857759304,-0.024358834548506538,0.0,-0.8966151844402146,-1.5268327960339738,-2.1252749547666063,3.103127990664678,0.7061777736400026,-1.4551667460403372,0.3308104892966011,0.050258651840412526,-0.21208220129050945
1752109534.157906,0.0,0.0,-1.4692175670185614,0.5636509733157817,-0.004624161682336053,0.0,-0.5909682490148599,-1.5415827572818266,-2.433411510851606,3.110825011832678,0.6514155982655743,-1.4642992773240444,0.3096236204311432,0.04341664582034714,-0.2000533165600411
1752109534.2578115,0.0,0.0,-1.4731087994741838,0.6221160264893723,0.010242938820632664,0.0,-0.5531554643376123,-1.52810169435208,-2.474457588740837,3.112462106910119,0.6390900037358664,-1.467910786288273,0.30953444767352684,0.03954259949860632,-0.20296001143852113
1752109534.3578131,0.0,0.0,-1.477545797750857,0.699996259998256,-0.002277831525083806,0.0,-0.9504019863411838,-1.5224826036927435,-2.0822485901291508,3.108214468160382,0.7912380133780612,-1.4713758806077346,0.304537538898962,0.037814419179518735,-0.22104041610244832
1752109534.4578185,0.0,0.0,-1.4819334268558295,0.5517552368887219,0.006312187810330858,0.0,-0.7371013985876383,-1.518059963504272,-2.298037837146672,3.1075755270194083,0.7753568325223451,-1.47571513024487,0.3027721029971829,0.03503128489781065,-0.2290112678928671
1752109534.4911869,0.0,0.0,-1.4870438570801194,0.5053804482103699,0.021211060553197245,0.0,-0.44496273170778317,-1.5049651235241905,-2.5951561178190294,3.1092177299538886,0.7752227210967756,-1.4736419842430852,0.30266424378721407,0.035219209275009024,-0.22923546149471852
1752109534.5604181,0.0,0.0,-1.4922059614908332,0.5566063757431338,0.014927341871630665,0.0,-0.5034267888144603,-1.5162783942490068,-2.540700575085183,3.101071785230852,0.6663569162897942,-1.4826361081672845,0.29313128077910994,0.029649744332812346,-0.21605096674570273
1752109534.6580567,0.0,0.0,-1.497616560569174,0.5758031261731531,0.005407426305649031,0.0,-0.5729752294845419,-1.5275618612303707,-2.475566491947944,3.103155492695217,0.6416953569896934,-1.485804570487072,0.30797700272735923,0.027573892730473875,-0.22893581484818584
1752109534.757817,0.0,0.0,-1.5035780714670826,0.6447986311023834,0.02335519103873436,0.0,-0.7225095352618002,-1.5393413748501295,-2.332803633298038,3.1060634862873044,0.6161580129300638,-1.4906366060819596,0.31078221722971,0.02543089674494174,-0.22923596301799384
1752109534.8579087,0.0,0.0,-1.5095727398249372,0.7035433554696449,0.05023744715886659,0.0,-0.6782942693980185,-1.5496007204216065,-2.3827034376765988,3.1118081586593327,0.6286126080266018,-1.4961344060458095,0.3121127892515305,0.02204444058072428,-0.23139865740748472
1752109534.9578166,0.0,0.0,-1.515559484313486,0.4675783318726185,0.01078344832416024,0.0,-1.1723397628826695,-1.522485160626403,-1.8988434164109298,3.119208180457422,0.6420538234826919,-1.5017965036173229,0.3139468723439058,0.016953592412060826,-0.23495964901338218
1752109535.057812,0.0,0.0,-1.5221861930692993,0.5719878952429351,0.02329789841152322,0.0,-0.9697404134975859,-1.531415239956387,-2.1059287050434468,3.1157785529038975,0.8991811896170651,-1.5053892462367287,0.29868376395685564,0.01617205134794824,-0.25603502743932305
1752109535.16077,0.0,0.0,-1.5289001261324056,0.569605218094033,0.033842022987453216,0.0,-0.44378323466533814,-1.5434341517575665,-2.637999059279134,3.121282572230367,0.9204449709901859,-1.5108828763581164,0.29249195271833933,0.013717718078896926,-0.26796019446026165
1752109535.2578208,0.0,0.0,-1.5360278408862549,0.562171952929848,0.04184378421104104,0.0,-0.7772072791254343,-1.5296872154259102,-2.310467202811854,3.1286260442846476,0.865576187104538,-1.5187978270404336,0.2888631656738313,0.009975568819696856,-0.27252004681463665
1752109535.3578162,0.0,0.0,-1.543558769564797,0.6812553407787404,0.048804738448108724,0.0,-0.8086939777376542,-1.5431837735364384,-2.286129628050831,3.129839175896227,0.8428873542284201,-1.5250954743791616,0.2873699780417593,0.00605575440822304,-0.278585529075845
1752109535.463346,0.0,0.0,-1.5508772795882506,0.6085339861700596,0.04115945055171714,0.0,-0.988938004811146,-1.5118926147111231,-2.1173403244310993,3.1350440300173954,0.8330580384857578,-1.5314472234045553,0.2846843805471436,0.0023885717641076282,-0.28269542450743035
1752109535.6619728,0.0,0.0,-1.5577479686876703,0.4709679528179139,0.035913834583570045,0.0,-0.9926775226782127,-1.5193758022652475,-2.1176465152811295,3.136396873323182,0.8918033119506561,-1.532004497369482,0.29334888788485985,-0.0019811586412905404,-0.31468156040392137
1752109535.7245278,0.0,0.0,-1.5644708618867398,0.6063468417050236,0.05264297212174543,0.0,-0.9634750138096054,-1.534769829284089,-2.1523997915846196,3.132740722615864,0.9162107425897534,-1.2552291714732928,0.2920533899006538,-0.002004920154028749,-0.31790107386296496
1752109535.8244812,0.0,0.0,-1.5704347155644443,1.1574045924495626,0.08754766732891889,0.0,-0.6561437952552501,-1.5286521933282722,-2.4671130618937074,3.1276582225684058,0.8240654695137677,-1.5553526525609072,0.25560276093501777,-0.007678983313161369,-0.2706154877626981
1752109535.891235,0.0,0.0,-1.575687942345624,0.8835989510228086,0.07127823871786185,0.0,-1.1045665248152383,-1.5210430606191192,-2.023608136420447,3.1324585882255658,0.823600757877903,-1.5643515464708326,0.25638627020643673,-0.010254367746656397,-0.274990508511659
1752109535.9584868,0.0,0.0,-1.5796186723939702,0.7473851884952193,0.03533514952837528,0.0,-1.2702832583712613,-1.5278204613396842,-1.8590032735567013,3.124119822678095,0.9088614420782465,-1.5708379978923122,0.2610833377112464,-0.012339340592575264,-0.2975298731407104
1752109536.060987,0.0,0.0,-1.5827764494092464,0.6852731660855543,0.060452555260770806,0.0,-0.674616556874635,-1.5477562771198488,-2.460795145047776,3.1240020836656326,1.0025822533916349,-1.573328076863681,0.2614043765757694,-0.013128422699023897,-0.32354065192990605
1752109536.2245116,0.0,0.0,-1.5848654311198682,0.6422964749606941,0.037969631203668086,0.0,-0.8328880358993256,-1.5534733696462082,-2.3034655906809514,3.1293601154621626,0.9244473682823726,-1.511188630140155,0.25771839432809995,-0.016488488270317292,-0.3220951735546125
1752109536.2929742,0.0,0.0,-1.5861905330866182,1.1493574227663872,0.0493151070361021,0.0,-1.350843893849332,-1.530894347151214,-1.786764209115627,3.132375378128449,0.9236703473103702,-1.5822265127826887,0.23656483940529477,-0.01645701024770015,-0.2971407572662766
1752109536.3578908,0.0,0.0,-1.5871100815898347,0.7049736550220753,0.050251671962764706,0.0,-1.5701101499021333,-1.5434079256428304,-1.568480732735357,3.1277576064697197,0.9930392037891379,-1.5854266504969914,0.2386492194764705,-0.016845854326478144,-0.319970424500977
1752109536.4578118,0.0,0.0,-1.5871812000843915,0.5139593525652193,0.03745920766836941,0.0,-1.1062495078486285,-1.5383779704958953,-2.031808101386903,-3.0346839710054065,1.2684839364075777,-1.58679204608811,0.21956623147098503,-0.029972281682834098,-0.3630678730648754
1752109536.5911574,0.0,0.0,-1.58649396739262,0.48928995373319195,0.01965818648033627,0.0,-0.7300422152782373,-1.5246474213192471,-2.4068919914548284,-3.059855190998257,1.2404975497520514,-1.590311502581162,0.20772264785870484,-0.034638401915409754,-0.369904757062314
1752109536.6578069,0.0,0.0,-1.5853966645413549,0.6065907747748479,0.04497427391825356,0.0,-0.6629979176887684,-1.5337418116725856,-2.472955168203522,-3.105765785971122,1.0581006617901456,-1.5876542121249886,0.2069221432589601,-0.031328146107123846,-0.3468672239517226
1752109536.7578223,0.0,0.0,-1.5835257860683631,0.8161030208443812,0.056973236769321256,0.0,-0.7579804089388944,-1.5457153216845352,-2.3765993185269623,-3.116756574368804,1.009501216334668,-1.5886617312685964,0.21629251170042038,-0.03458287303711324,-0.3652993469044824
1752109536.8578331,0.0,0.0,-1.5810766248044006,0.8407672762488485,0.061960657597636824,0.0,-0.7248049968258965,-1.5322206215886702,-2.407136596121108,-3.1295894626780423,0.9565927935295504,-1.5876406923488742,0.21950929120956575,-0.035554603960057454,-0.3649877831193556
1752109536.9578197,0.0,0.0,-1.5777962511148895,0.654026975009778,0.015971464367193128,0.0,-0.28932720997286454,-1.5463566356062648,-2.8400118546850526,3.141413907364896,0.9170829923643281,-1.5863032411266509,0.22274011864128557,-0.03611235338547664,-0.3625766397350663
1752109537.057903,0.0,0.0,-1.574480803911245,0.7207125298544041,0.0428483289879968,0.0,-0.691956525948497,-1.519406353425943,-2.430417200930121,3.1308527965308137,0.6667901828766264,-1.5820806477087672,0.24914358360216501,-0.03322176917317578,-0.3460474224773757
1752109537.2580256,0.0,0.0,-1.570210359354916,0.5972654554012792,0.017678529257077764,0.0,-0.529547063014398,-1.523105937353928,-2.5897543590319936,3.111794657705796,0.6351102270816344,-1.5845287216598538,0.28095630432431035,-0.03394018991179555,-0.3575992329719766
1752109537.3578196,0.0,0.0,-1.5655317144431002,0.9186035565001346,0.015379132052059584,0.0,-0.6423126254893226,-1.5355413190115619,-2.470826306803572,3.1080506014526534,0.6357045136582319,-1.5721912009774877,0.27443083625208,-0.028272704690299265,-0.3211579021157869
1752109537.4245121,0.0,0.0,-1.5602207224005624,0.5941392587922991,0.021952820957123396,0.0,-0.5793477482541518,-1.5203155087684852,-2.529540108142104,3.100528840506943,0.6184823248485772,-1.4894131003342381,0.2754350392866274,-0.028546809641332355,-0.3213683267667203
1752109537.524477,0.0,0.0,-1.5546004776733873,1.0969192468918796,0.024856859657399907,0.0,-0.6958790672980094,-1.5315263879399048,-2.4095283762090145,3.097179524946778,0.6452802997537425,-1.5651183499112076,0.2792844631454847,-0.02391178178941153,-0.3050876961681771
1752109537.5578437,0.0,0.0,-1.5484428103515993,0.5272149377174771,0.007198801714685773,0.0,-0.24474012708748827,-1.5402162652024873,-2.8555727523961427,3.0958299739291872,0.6449289018551957,-1.567687337342908,0.2792702286180346,-0.024164757348499686,-0.3053875717512891
1752109537.6609724,0.0,0.0,-1.5417123155285077,0.6385023492810246,0.011245236077482814,0.0,-0.8436531817757517,-1.5229158338021025,-2.2465549444634894,3.0987801652754277,0.4946874795556989,-1.5561597954475141,0.3082970553363916,-0.02114588025021677,-0.29223241624667834
1752109537.857837,0.0,0.0,-1.5343945415728313,0.8890854051329687,0.02098863670485589,0.0,-0.7887289497040995,-1.5331025062418622,-2.29777283745239,3.0875640948631053,0.6580784703774011,-1.555274625392697,0.3266268062032238,-0.01975815493038952,-0.3078075742189443
1752109537.891225,0.0,0.0,-1.5265476988767732,0.7859958596781045,-0.004708390405013144,0.0,-1.0779974095312304,-1.5544345191657007,-1.9972241926525434,3.085872374216221,0.6577056030400429,-1.5581860803317327,0.3271383513686807,-0.019935965315086106,-0.3081172033883408
1752109538.0578055,0.0,0.0,-1.5182581562593551,0.6967545856205875,0.008678606878611035,0.0,-0.9617520702489107,-1.5499919758436487,-2.110722817752436,3.086714796230005,0.8151795544047951,-1.5429164399781292,0.30803613851177336,-0.014773256233411382,-0.29614620772151007
1752109538.1578069,0.0,0.0,-1.50937251654423,0.5350326292191118,-0.002638665339511634,0.0,-0.8163758219236292,-1.5330056407466233,-2.2465278838350757,3.0789935593697333,0.8134283466265916,-1.523417448073364,0.2995540490430489,-0.010586874331398205,-0.2911997709451807
1752109538.1911507,0.0,0.0,-1.4998974963802352,0.6203963857834214,-0.011964379704397027,0.0,-0.7785879471213051,-1.5535966922783038,-2.272062249218506,3.0756149467866463,0.8129354345076949,-1.5280865966041042,0.29971921110762756,-0.010639906006721682,-0.2912673024598602
1752109538.2577996,0.0,0.0,-1.4898961873610497,0.5968889281576335,-0.033637499299744675,0.0,-0.4399720392901456,-1.5495415181493315,-2.6062307178349458,3.095382078575266,0.7936384231486846,-1.5092204296101845,0.28894704599786397,-0.008087778993818174,-0.27811875090513527
1752109538.3578467,0.0,0.0,-1.479744453311982,0.6371804672702456,0.00337004267119078,0.0,-1.0318836776287772,-1.531094639706313,-1.9993051761011598,3.092679297325991,0.7240809678117642,-1.5031117460727028,0.3054862696366973,-0.0036879060107974666,-0.2876153146266265
1752109538.4591374,0.0,0.0,-1.469671887184482,0.6029175760176415,-0.02599803771191102,0.0,-0.8013274270472996,-1.5235297115674007,-2.222105241249232,3.084067256397102,0.7993159289509668,-1.4946881121947806,0.29910914872023325,-0.002237534819872635,-0.289436189619526
1752109538.5681212,0.0,0.0,-1.4596035387133701,0.5434830459805317,-0.018707394609015417,0.0,-0.6413087001113044,-1.5407137271769076,-2.371673759225314,3.0767415868869907,0.7981615828711757,-1.4859497422081556,0.2993104508995762,0.0018941142665420687,-0.291531955245286
1752109538.6592522,0.0,0.0,-1.4496652641156955,0.6343795221085248,-0.045413524722407866,0.0,-0.7166731484385688,-1.5095838600436888,-2.278292662999346,3.073734213231802,0.776232606121123,-1.472246036826678,0.29642174033192115,0.00510974550269362,-0.28661961029406313
1752109538.825522,0.0,0.0,-1.4400659521385193,0.7075364564061825,-0.02826722088274405,0.0,-0.7592818210373202,-1.5131786882026914,-2.231951938544548,3.0642704383544332,0.7563723636867963,-1.4664195528759278,0.31830263969453226,0.01225785238891816,-0.3086085068643972
1752109538.957964,0.0,0.0,-1.4302169319874984,0.5063308839267703,-0.04220487140918018,0.0,-0.905997811195607,-1.5295619639616056,-2.075881049364159,3.0589143316671246,0.7869486088051756,-1.449478612759057,0.3087944839033923,0.018235042890849252,-0.30021564186259686
1752109539.0578256,0.0,0.0,-1.4205551234497515,0.4706648302590024,-0.0234275781241081,0.0,-0.7648510419278146,-1.520562865803243,-2.2102430647324818,3.058165217034352,0.7795141401301349,-1.434587253200176,0.2969105200140729,0.02056366931249105,-0.28643152363904595
1752109539.1578403,0.0,0.0,-1.4110215080171815,0.6872780405224388,-0.04312587267913258,0.0,-0.495407099341267,-1.512819469066914,-2.4682664369332583,3.0590841848293726,0.6917805749100223,-1.4234137495776638,0.3045862881782667,0.0241889324978403,-0.28183465804470703
1752109539.2600093,0.0,0.0,-1.4014926299797337,0.8062322180138914,-0.05485142799474776,0.0,-0.4321766725944756,-1.5257431002369488,-2.521823718200711,3.069080242047624,0.5834616090690884,-1.4130481962311072,0.31485263828865395,0.026721515178563516,-0.27096953368296645
1752109539.3578095,0.0,0.0,-1.3920786009920265,0.5415090041538734,-0.029796978850183994,0.0,-0.7338267920749756,-1.5041727244443457,-2.2065606421499067,3.0636875437963633,0.6211261495929493,-1.403676850250836,0.3161228378150604,0.029102463560913255,-0.2673516579501956
1752109539.4609737,0.0,0.0,-1.3824984132853588,0.6169716111678925,-0.0488219750323867,0.0,-0.7538209157296037,-1.5143847008501383,-2.1790339787580835,3.0588523821151554,0.6352316958513279,-1.3956522098672786,0.3178660915942089,0.03250789023725527,-0.2639940003830666
1752109539.5578337,0.0,0.0,-1.373086257398216,0.7540669561974753,-0.050686450330811275,0.0,-0.8491673534661727,-1.525499938458118,-2.0748280702724253,3.065547662913401,0.7215926016552004,-1.3854482525830893,0.31504133515515226,0.03466300229685985,-0.2682204927341666
1752109539.6244767,0.0,0.0,-1.3635692545562643,0.9172463769617486,-0.055267642419382465,0.0,-0.860767838850633,-1.5396632246596755,-2.053366235198531,3.069414138325663,0.7505323375368322,-1.3718596648857189,0.31377780097084984,0.03605285300705792,-0.2712126935683988
1752109539.6609805,0.0,0.0,-1.3540955681667872,0.528529100186438,-0.05404359610790471,0.0,-0.2358596713125866,-1.5409035191983547,-2.667498513266756,3.066349529358636,0.7500119032596221,-1.3763929531874495,0.31402358001434205,0.03649704709178765,-0.27102718410050575
1752109539.7609882,0.0,0.0,-1.3446325255408031,0.48790424942352106,-0.021294871834239372,0.0,0.10548225433525421,-1.5211285196630149,-2.995774680812424,3.0810801022264513,0.5372969613399262,-1.3651874477903378,0.32835457407448876,0.0391173860733593,-0.2543702771158667
1752109539.89115,0.0,0.0,-1.3353637079230487,0.6838986267833425,-0.05693832425034203,0.0,-0.1149008708279273,-1.5238473466226388,-2.770230185108703,3.0821988765326696,0.322021070518042,-1.3570062545162425,0.3457898619593938,0.038850275180805686,-0.2296032353734462
1752109540.0578089,0.0,0.0,-1.3257655102279267,1.228155320547353,-0.09114676864589553,0.0,-0.5243637418251273,-1.5280677909639058,-2.3505324052643264,3.080694594900999,0.3356954569005443,-1.347055201505803,0.36668575740767145,0.0421320898355477,-0.21517464222739077
1752109540.1578221,0.0,0.0,-1.3161207366991499,0.845827307178233,-0.06905187987003178,0.0,-0.34039237286321344,-1.510574857120102,-2.5235012874023233,3.0776436769326825,0.3351925934438498,-1.3264446706549584,0.3689184174282873,0.04267932074585146,-0.19481247129227255
1752109540.2244835,0.0,0.0,-1.306676469167647,0.520459668856386,-0.033681284395979116,0.0,-0.3868004542037903,-1.519487413457645,-2.470550823730937,3.079468142528711,0.35106804529545244,-1.3133612675825903,0.37158831990553387,0.04248693796826385,-0.1865746747893053
1752109540.29115,0.0,0.0,-1.2969168344991,0.49279075854268284,-0.041819651058705706,0.0,-0.7327340869561707,-1.538659482710081,-2.1091913971418093,3.077279704376508,0.3502070483232989,-1.320042546661958,0.3731062160623676,0.043280266768567756,-0.1844756553567029
1752109540.4578063,0.0,0.0,-1.287421783223038,0.7312685230851269,-0.050434106943922974,0.0,-0.6426779559857121,-1.5346302273098347,-2.196464561062231,3.0852383715746754,0.5327511448785974,-1.3107785825459555,0.3792379479832881,0.04597545633114638,-0.1956890039416659
1752109540.5578284,0.0,0.0,-1.2777674895828055,0.6285110864929035,-0.05379051385802251,0.0,-0.3856378956936423,-1.5242217603731665,-2.4447777593099858,3.0840112221632996,0.48031648685069056,-1.2884587030889139,0.37566200353632706,0.04588799848618848,-0.18766591648012013
1752109540.5940151,0.0,0.0,-1.2682115284391475,0.5631160264721502,-0.043962065348691653,0.0,-0.7396508210187255,-1.532920661830419,-2.079372878360704,3.082311807209713,0.479876571718128,-1.2923220102048,0.3764472786302308,0.04631164829694229,-0.186653337692534
1752109540.7609909,0.0,0.0,-1.258565980112326,1.0600698650756852,-0.12981117431045544,0.0,-0.6471857023111599,-1.52020042933065,-2.1632751635477874,3.077344106846187,0.5639748525974762,-1.282474800411602,0.3826070711915972,0.04977145515660428,-0.19515838977870525
1752109540.8578358,0.0,0.0,-1.2490359646971967,0.652069708185263,-0.05112114772733293,0.0,-0.444035752128898,-1.5080423623140993,-2.3549273241225346,3.0725908885518454,0.534450035875219,-1.260024581253602,0.3749163711037738,0.05025947248674793,-0.1909616820598235
1752109540.8929155,0.0,0.0,-1.240098226135161,0.7853248853182163,-0.07218488602106753,0.0,-0.1412822134319037,-1.498498258125032,-2.645996786240656,3.0707271081990184,0.5339664221953951,-1.2639990537616612,0.3755887734814285,0.050679681867065944,-0.1901132073578219
1752109540.9578314,0.0,0.0,-1.2314500461750555,0.6561608119256256,-0.05906252148889795,0.0,-0.15250658061553518,-1.5079175587020255,-2.6282830012983203,3.0688665057763034,0.37332058788361433,-1.246137605804947,0.36972429195526546,0.04959781029332736,-0.16767100558182566
1752109541.0259895,0.0,0.0,-1.2233186017338953,0.5374946926908587,-0.05556614462720535,0.0,-0.3321973211277107,-1.5175449561454923,-2.4411672152561366,3.070742628762039,0.2998359972473499,-1.2374304561254819,0.39480297839347606,0.052224750366676766,-0.16529777104981663
1752109541.157983,0.0,0.0,-1.2158420424074101,0.5469091869178465,-0.057775244831423156,0.0,-0.561690293878292,-1.5262025806933888,-2.203275804668298,3.068847943635058,0.3011164743986484,-1.2351527069230017,0.41619286423555363,0.056019111415604665,-0.1632781094406068
1752109541.2609928,0.0,0.0,-1.2094943172214934,0.7943002442997701,-0.07578071243729725,0.0,-0.37666614165972945,-1.5128700202546126,-2.3821889578567226,3.074448899322311,0.3759131597067914,-1.2240617369825575,0.40182939481117935,0.05560164317555415,-0.1567393786184057
1752109541.3969755,0.0,0.0,-1.204354895238989,0.6776803451548828,-0.05524183209026111,0.0,-0.030780445292705873,-1.501392991526365,-2.7214478305697387,3.074260574722926,0.37469472255913944,-1.2178932930445965,0.40401454530701786,0.05659346060216164,-0.1514978599699442
1752109541.457827,0.0,0.0,-1.200298872474134,0.6067205613203006,-0.05264906089318367,0.0,-0.11129811328904127,-1.5066713065355535,-2.638292562620153,3.0729935647889004,0.2343793846297251,-1.2072103977077515,0.39432914351210935,0.05308299440856297,-0.12591061417966773
1752109541.557817,0.0,0.0,-1.196969814185586,0.6066501935958312,-0.059433896561540245,0.0,-0.2543221441885255,-1.519665066925367,-2.491434917782649,3.073494058144221,0.19582276822126896,-1.2038853399510747,0.4197235848202499,0.05527015520404506,-0.12011964113969752
1752109541.6579802,0.0,0.0,-1.1945229776327535,0.5697287657405979,-0.053904245256265776,0.0,-0.4895930247813814,-1.5299393543647193,-2.2541227886727393,3.077235320414008,0.21062850368712208,-1.1994064530665665,0.42282682320687925,0.055516874910477805,-0.11264405178138698
1752109541.7578166,0.0,0.0,-1.1928832720699776,0.8653255348005607,-0.09556948259776975,0.0,-0.7633554188577927,-1.537568450352395,-1.9793227872815504,3.082446178645898,0.2720019489202921,-1.197091314913277,0.42257881392106755,0.055659078402819195,-0.11158091887483369
1752109541.9244978,0.0,0.0,-1.1920606670105534,0.5389957351335185,-0.03588847791460985,0.0,-0.5252725850394937,-1.5119075405410585,-2.216024416098243,3.0889556786216197,0.39377758093666465,-1.1928526717554182,0.42122193749298736,0.055748278472098636,-0.1241568394384978
1752109542.057825,0.0,0.0,-1.192114579472418,0.5299843752234349,-0.047528151616707384,0.0,-0.568044557091413,-1.5155547667363156,-2.173727371224428,3.088594083967335,0.44954645876451765,-1.1917428213014571,0.43806081163033694,0.058811600932096614,-0.138180931200439
1752109542.1578305,0.0,0.0,-1.1930191304696705,0.6759676922465216,-0.026938607973500554,0.0,-0.6334321196647675,-1.5289718974716773,-2.1096208365389995,3.091334012966909,0.47612109363229843,-1.1920341618571393,0.41980636412232825,0.0542232578970511,-0.13867829806268178
1752109542.2578123,0.0,0.0,-1.1946287254482917,0.8476929699776774,-0.057049553216019705,0.0,-0.6363747235286003,-1.5422389213839807,-2.107753569091644,3.1017030401036845,0.5405214937987104,-1.1924291259679012,0.4162224422521814,0.053419662530043155,-0.15187948286726943
1752109542.3589938,0.0,0.0,-1.1968375340027888,0.7981879658825101,-0.02018731977714472,0.0,-0.33317633466811564,-1.553590071038501,-2.4127330705625702,3.107966269767765,0.4988504494664857,-1.1939346549868712,0.41586218984739043,0.04994754450456609,-0.15412426042670416
1752109542.4578147,0.0,0.0,-1.1995781675540071,0.7698057611241971,-0.013170994253230879,0.0,-0.4794404764752208,-1.5364694225190962,-2.2695729728997005,3.1102530414833094,0.49557857363798125,-1.1957350328118281,0.4144811650840332,0.046404301368126046,-0.15875143234938327
1752109542.557851,0.0,0.0,-1.2031538693720878,0.7285027252905801,-0.02784513597205293,0.0,-0.9651246472548456,-1.536470074814628,-1.7878125350218284,3.1130160681120245,0.6384675967969199,-1.198160541151084,0.409491518148865,0.045176599325263314,-0.18278374541714074
1752109542.6578143,0.0,0.0,-1.207381332190503,0.99453861090754,-0.009428430528120898,0.0,-0.7427457885558888,-1.549323134846103,-2.0136254171543633,3.1203975953585807,0.6810345143205865,-1.2013450008239899,0.40448269978452905,0.04188772229167872,-0.19871260848089303
1752109542.7244818,0.0,0.0,-1.2124876524021462,0.6379066701009588,-0.003963630832659231,0.0,-0.7586014293749502,-1.5324767960447994,-2.002239121244221,3.1210315585286974,0.6915845169388535,-1.2080661308665848,0.39896752173996536,0.038538969386404165,-0.2103486790808066
1752109542.759107,0.0,0.0,-1.2182390628027602,0.5260263072921066,-0.0025183954702276646,0.0,-0.4921351616916053,-1.543207291740968,-2.2747840506165233,3.122661353758554,0.6914302656147838,-1.2057708860522485,0.3993895700971444,0.03858569079462745,-0.2104074532233174
1752109542.857811,0.0,0.0,-1.224467664810991,0.7986055888149232,0.036333248744895394,0.0,-0.8561211636802328,-1.5276611841200305,-1.9173763670418522,3.1242366215519937,0.6254679619558361,-1.2111528880371076,0.39717954331257693,0.03492987395389967,-0.2119247793373346
1752109542.9578176,0.0,0.0,-1.2315354702186387,0.6767682316129389,0.019027490553051522,0.0,-0.25734995674125355,-1.5247521239958501,-2.5264845824150015,3.1237349087864086,0.682173970828639,-1.2161574224406728,0.39170130410149345,0.029736618455861934,-0.22503550463487249
1752109543.0279799,0.0,0.0,-1.2388840616643064,0.5639599717517034,0.012599027506444762,0.0,-0.4520790736918125,-1.5236124703347327,-2.335805232946747,3.127696048145177,0.6815323891122462,-1.2257100934613914,0.3866078898619444,0.02546623389500903,-0.23187965140009067
1752109543.159159,0.0,0.0,-1.2472145716225722,0.5832010260684748,0.014263129239235443,0.0,-0.780475132089872,-1.5291115714440233,-2.0159339225368313,3.1259706725936853,0.5893788342331644,-1.226397594687543,0.40208962238013246,0.02249992030703439,-0.23879115132623532
1752109543.325274,0.0,0.0,-1.256032011709133,0.7885039969684654,0.036897590296527664,0.0,-0.6517176943656589,-1.5105243003527995,-2.154465161236464,3.1257763198497326,0.6251462588521832,-1.179256370366553,0.3841411279418303,0.01844280770138124,-0.23615774148065144
1752109543.4578068,0.0,0.0,-1.265411781398889,1.3558282761079008,0.13707538552154053,0.0,-0.7140595029590544,-1.525113381811135,-2.1010382584085794,3.1281157808685576,0.6485447007789968,-1.2449392332579179,0.37127266236114154,0.01132565288044083,-0.23912355133100446
1752109543.4911501,0.0,0.0,-1.2750773675443592,0.6486826185876019,0.05064387463054462,0.0,-0.6159222797609177,-1.4986711921138414,-2.214958377136535,3.130800684282441,0.6484416993795942,-1.2409705447239683,0.3712772313974754,0.011067787477987458,-0.23946823396644853
1752109543.6578104,0.0,0.0,-1.2851931269529253,0.7854173670203493,0.05020649145367338,0.0,-0.6195491291642824,-1.504336493223991,-2.2152478414245755,3.111552261177417,0.6312338126207496,-1.2592399169881647,0.3828184650516436,0.003241669212626733,-0.25681853159169404
1752109543.7282448,0.0,0.0,-1.2958537958406697,0.5946867258006483,0.05077276584247481,0.0,-0.6696272558894837,-1.5171013044676536,-2.175128474914045,3.1108234830220933,0.6424713836890368,-1.286232292740266,0.3711398879592774,-0.0015181088064470086,-0.25455400520287547
1752109543.824475,0.0,0.0,-1.3067237223585477,0.5828509566133834,0.061483826862995236,0.0,-0.8503291182405082,-1.527095131671043,-2.0059649685305447,3.117620139880211,0.6957900932447242,-1.2923584332189701,0.3783025059965843,-0.006394083741887132,-0.2732945733080604
1752109543.857826,0.0,0.0,-1.3175201092246824,0.5183071586094842,0.04939255869732,0.0,-0.6289628053555307,-1.5416653526458732,-2.237075424444151,3.121049224795226,0.6958225309313448,-1.287378287342115,0.3783869024251649,-0.0068249057896979885,-0.2739905175970939
1752109543.9640992,0.0,0.0,-1.3278316388862779,0.5962379075383574,0.06944799450771691,0.0,-0.09804483841562028,-1.5349332315874737,-2.7819486328434455,3.1270456052427384,0.670843212677223,-1.3032249076428355,0.362230949801078,-0.011263850571549468,-0.2629640241349374
1752109544.0578299,0.0,0.0,-1.3379509039396265,0.7411374899482511,0.09147052291986263,0.0,-0.7668162569587088,-1.5441578718157383,-2.1289461194629604,3.1303801128114426,0.5970624084865638,-1.3156215289162325,0.361056102105887,-0.01655324726026279,-0.25545450321526875
1752109544.157812,0.0,0.0,-1.3481498132922034,0.5510349794861638,0.052950821656248294,0.0,-0.5934049185976636,-1.5353479251675834,-2.3080509963226032,3.1351083142627187,0.639298042125354,-1.3248552330328358,0.36009449019009726,-0.021667245569028222,-0.2618564415352201
1752109544.2590501,0.0,0.0,-1.3578113806386285,0.506653343291261,0.07717747336013446,0.0,-0.8615300537159963,-1.541254139594826,-2.0484421304440397,3.134608180743621,0.6267172079545871,-1.336637967124425,0.3607176632554463,-0.025041305554447585,-0.263052237095461
1752109544.3578153,0.0,0.0,-1.3676425043585623,0.8157069555834878,0.1006909203133542,0.0,-0.10258733333453242,-1.5484448542877869,-2.81596758261588,3.138643947040798,0.6847346431811915,-1.3451189959305645,0.3557326891108153,-0.030964421039602816,-0.2702016864007135
1752109544.457784,0.0,0.0,-1.3772332160602925,1.0044427312008049,0.1257411951399795,0.0,-0.36797783871627915,-1.5600517590689131,-2.560156857668698,-3.1410017935437207,0.6020685694816246,-1.355778083565654,0.3611864694270223,-0.03565780418825199,-0.265856230453045
1752109544.531515,0.0,0.0,-1.38669524773361,0.5666965522209496,0.0720963547401905,0.0,-0.1097985570378828,-1.5383983346655588,-2.834344829508724,3.141225320469296,0.5032892045658655,-1.3689451489350863,0.37329852919490303,-0.040062910260647254,-0.2580736657551837
1752109544.6579788,0.0,0.0,-1.3958017150126618,0.5916340099817172,0.0767703697046502,0.0,-0.3163856273435485,-1.5447870659451148,-2.633587458257045,3.1389400938085323,0.4061330200286161,-1.3739565951200823,0.39736368203741146,-0.04612060288615674,-0.254709095065935
1752109544.7578232,0.0,0.0,-1.4047239069269646,0.8108420940726503,0.11040116705392873,0.0,-0.5086175986699074,-1.5297591121086118,-2.4486019373487924,3.140865200423267,0.39379311042141285,-1.3855694715458249,0.3932976218147668,-0.048810979839427934,-0.23878289206472758
1752109544.8578122,0.0,0.0,-1.413414480822858,0.9298038868107983,0.12168779969977081,0.0,-0.9495629442937594,-1.527797033287765,-2.0178162977172165,3.1348203663358856,0.4230232580565531,-1.3946764099281637,0.39968138745555526,-0.05242680864442332,-0.23662901913815387
1752109544.9244854,0.0,0.0,-1.42231975954888,1.4517879665818096,0.23949042767033013,0.0,-0.7547127759600755,-1.5157440426797744,-2.2184958172225433,3.1287797971419273,0.5772304911559639,-1.22915785135936,0.39226518953875306,-0.05293222871155096,-0.2501194014059738
1752109545.0585501,0.0,0.0,-1.430796489135677,0.6719868815713381,0.0933196079543535,0.0,-0.6764687542893993,-1.53969391958245,-2.3092065068554914,3.120557902718991,0.6500382477682687,-1.4037435905308626,0.3887809772200452,-0.053911410397845645,-0.25891891032760395
1752109545.2578213,0.0,0.0,-1.4388861063837246,0.917301232425922,0.14051105090221708,0.0,-0.7888001589306036,-1.534471439719696,-2.199603008563677,3.1311393523256026,0.6689597251668864,-1.413771485395733,0.42407208540684915,-0.06502278764271334,-0.30218883002888025
1752109545.3578222,0.0,0.0,-1.446880337718319,0.8577178297826789,0.10562123451311005,0.0,-1.0803287850331544,-1.5437254002171132,-1.9167539990821347,3.135937128660837,0.7757963127205454,-1.4358709072450382,0.3941381759961801,-0.06296247829543873,-0.3003426723382448
1752109545.4244962,0.0,0.0,-1.4546363913120604,0.9950775858308912,0.15526043254836258,0.0,-0.8211255102972028,-1.5327545806279204,-2.1825410319952927,3.127789925872679,0.7947124622670175,-1.4473660685556333,0.39122611620457565,-0.0651165029322694,-0.3130603187779545
1752109545.4661353,0.0,0.0,-1.4621513757582225,0.6549509119663909,0.1133113382900515,0.0,-1.177419800421727,-1.5381223143473788,-1.8346497846375551,3.131351708507477,0.7945990835816329,-1.4428272410826573,0.3914457698936107,-0.06606908767549943,-0.31417969338962226
1752109545.560578,0.0,0.0,-1.4697977494362557,1.034140718760299,0.15836986612419132,0.0,-0.6492212495954747,-1.5438566688745186,-2.369435910596531,3.13638427970524,0.8788940217920922,-1.4508332872526066,0.3813441714963141,-0.06970055843832208,-0.33259010179769427
1752109545.657806,0.0,0.0,-1.4771813442792958,1.1069454535875942,0.17681743343394177,0.0,-0.5979646369006997,-1.5211844269364891,-2.4298393382587165,3.136939496222668,0.8033198156575078,-1.4591540455186232,0.38573064184051553,-0.07312740590120162,-0.3421850702873821
1752109545.7578104,0.0,0.0,-1.484461395066029,0.6905246648820387,0.11065856589163295,0.0,-0.5710793871630011,-1.5302304601489694,-2.4615865596772664,3.138806061242338,0.7770369109899375,-1.466772859470896,0.3881300775654945,-0.07647193482124656,-0.3509109970314279
1752109545.82598,0.0,0.0,-1.4914979935093426,0.6138858649274445,0.10447641010291701,0.0,-0.6906661094887729,-1.5444720602718731,-2.3496177040042077,3.1290284681754645,0.7022566505372393,-1.4781204517179196,0.3933624621570446,-0.07790133760794063,-0.3487744287785504
1752109546.0244777,0.0,0.0,-1.4983745455739668,1.0312365900735052,0.18504097813463707,0.0,-1.1153736481363778,-1.5432854969141732,-1.9313811097818514,3.136989580571777,0.761182427085178,-1.3629422604608243,0.41009722136126175,-0.08654088369990987,-0.37804613495460804
1752109546.1578522,0.0,0.0,-1.5051032600558545,1.5136112064464469,0.21116591243653227,0.0,-0.3203959135072483,-1.5553474941896872,-2.7349839870231194,3.136932512768361,0.535415031328287,-1.491131419912518,0.4087616175534364,-0.08557744505764421,-0.3349999454170857
1752109546.2911646,0.0,0.0,-1.5117851088996168,0.7532524466594557,0.13052001141298136,0.0,-0.4866712357521864,-1.530780562964845,-2.580022510042795,3.130527774200111,0.5175479502770406,-1.5014925563961008,0.43047255194390377,-0.08954746689530493,-0.334500304353823
1752109546.3599837,0.0,0.0,-1.518200423300128,0.7216878961367609,0.11688234398934423,0.0,-0.5257675870250378,-1.5165354570626117,-2.546966751873358,3.1222062699529083,0.5196687664549658,-1.5132830172568001,0.42332900889388697,-0.08710329429312896,-0.3171833979082145
1752109546.4578907,0.0,0.0,-1.5244751049530356,0.7116990159492793,0.09981836237290054,0.0,-0.6073387442142717,-1.5237702135854716,-2.4689087650269395,3.1161704635455134,0.5515834371829365,-1.5171597942643265,0.44618748319353896,-0.09005185846055727,-0.3315652963747455
1752109546.5578425,0.0,0.0,-1.530856336619887,1.0633677088195974,0.1909382622731789,0.0,-0.6085551987589416,-1.5030953201976138,-2.4743920081861575,3.1157222740798716,0.5578373819649189,-1.5240402069215975,0.45281868686156695,-0.09257955658583816,-0.33136838146881037
1752109546.6578307,0.0,0.0,-1.5369722295433754,1.0303889628027447,0.171794581087522,0.0,-0.6661685303314075,-1.515881159602552,-2.422714195076406,3.11688437731293,0.5719259799355308,-1.5303120591021897,0.45809554022438864,-0.09395014880355379,-0.3323297436023133
1752109546.724489,0.0,0.0,-1.5433204322373328,0.8807817764783407,0.14929793277464337,0.0,-0.9443425270232607,-1.5324414598368035,-2.1556311766745058,3.1202264632383434,0.5716614191105035,-1.5388835629062185,0.4612420693927448,-0.09466534547599047,-0.3305872632489752
1752109546.8262384,0.0,0.0,-1.549468608320328,0.6833289740526209,0.11987932973741998,0.0,-1.0360511688669642,-1.5353317309918355,-2.0659755856529376,3.1193332523993558,0.7889523226473143,-1.5405135961301542,0.4662496667113406,-0.09895344637201761,-0.37517964234167117
1752109546.9578116,0.0,0.0,-1.555611452237245,0.6791219566542535,0.11342833685228089,0.0,-1.0408450254095936,-1.5505776198821177,-2.067426328317245,3.1306408586880936,0.8684260331599399,-1.5433685899414598,0.4562996563017866,-0.10010378134724526,-0.39495994738237455
1752109547.0578227,0.0,0.0,-1.5616850550705932,0.7245014375701224,0.1250320415818988,0.0,-0.8858565624940569,-1.5329472339901802,-2.2293820030084532,3.134860148521904,0.8698418792351762,-1.5521944287816154,0.4333321881847109,-0.0974786296979176,-0.3881499871978138
1752109547.1251214,0.0,0.0,-1.5677563195186466,1.274844265991131,0.21710087326257785,0.0,-1.0608469664814189,-1.5459025248114273,-2.061689142572569,3.1355892448078517,0.9337178403294947,-1.5605114604685202,0.42199522926243843,-0.0975179750547968,-0.40575264729535737
1752109547.227976,0.0,0.0,-1.5737990897800036,0.6753748198901829,0.11910301969985936,0.0,-0.8084341534780333,-1.5303154157015555,-2.320041818242002,3.1336311694235466,0.8938816339903647,-1.5632444250828088,0.4345296676386154,-0.10265735074001367,-0.4340538085247024
1752109547.2911587,0.0,0.0,-1.5799879458203696,0.7175824643811425,0.11570068172796016,0.0,-1.2395178346823208,-1.5189085342875293,-1.897033070783306,3.1391977263241806,0.8936278938838987,-1.5567670914609957,0.4353232184079684,-0.10401900867640636,-0.437239029000605
1752109547.3578174,0.0,0.0,-1.5863745615653142,0.8719654975652665,0.17361916090423343,0.0,-1.0780470849948365,-1.5279791297179004,-2.060878602226211,3.139501060752588,0.9499452469975751,-1.5718235167460828,0.3915972888764462,-0.09554446181989358,-0.4121549395310222
1752109547.4289713,0.0,0.0,-1.5926889031128995,0.7074290451091869,0.12508042408208786,0.0,-1.2760258747647661,-1.5393302137976372,-1.869476319534071,3.1309831946274986,1.0000709025871801,-1.5785476116041242,0.3942472804863945,-0.10016002751441193,-0.447555261211284
1752109547.559979,0.0,0.0,-1.59888789017119,0.7017389748184751,0.11110458135630628,0.0,-1.6068722428223574,-1.5315986690321493,-1.5454691457751033,-3.140256256055597,1.060312750790894,-1.5757224895895823,0.3924538615188704,-0.10492862375833685,-0.4873088842578457
1752109547.6618524,0.0,0.0,-1.6052432328812516,0.9461815966079091,0.18101977398721955,0.0,-1.3010036302169203,-1.5245835306397428,-1.8556359644594471,-2.639258771519419,1.1410267296845333,-1.5857861501875377,0.35600701727989176,-0.15781771716612628,-0.474371163520858
1752109547.7578347,0.0,0.0,-1.6116177771579328,0.9441567468753758,0.15129050821287837,0.0,-0.6977809649526688,-1.5306459428051162,-2.4679413635566134,-2.7649635882389596,1.1745752401433147,-1.5912561277216002,0.33826780787735505,-0.16596640512504932,-0.478457312114642
1752109547.924483,0.0,0.0,-1.6183490599992947,0.7844073285124933,0.16141321035791648,0.0,-0.5264819938707809,-1.5330940397799064,-2.64176100392278,-2.9896576491593163,0.8548660704824276,-1.5984356819614849,0.3780050201822572,-0.17041051410654048,-0.49693253153817407
1752109547.9578414,0.0,0.0,-1.6249114247328014,0.73612692950623,0.1215896597641219,0.0,-0.46619051123770444,-1.517251855763462,-2.7079092325548384,-2.9869248783765587,0.8544977050443177,-1.5951371339534104,0.37778916088509473,-0.17171329675795616,-0.49892961198480995
1752109548.0589843,0.0,0.0,-1.632122750292831,0.8236771741007979,0.15458678132947526,0.0,-0.5350151823562392,-1.5311024331877972,-2.6451627584728965,-3.04082663591513,0.739941344108005,-1.6145436875941277,0.370044246905137,-0.15881501810930485,-0.45418342921163507
1752109548.125982,0.0,0.0,-1.6401271807433186,0.7290888453768797,0.1436914638149392,0.0,-0.8508726855540684,-1.5172625436678735,-2.3383753087547707,-3.0746912462564637,0.6835773479401762,-1.6261120204593629,0.38322946126957014,-0.15521626019243365,-0.44470192577308737
1752109548.2940013,0.0,0.0,-1.64875635853681,1.0123090731075386,0.19973936541998813,0.0,-0.859594135753235,-1.485011027861532,-2.3452090899081215,-3.074713224979047,0.7023976335669765,-1.6214062140046521,0.4017344364046526,-0.16235525153796876,-0.46088196931356423
1752109548.3937147,0.0,0.0,-1.6580359406144158,0.8061953403705291,0.1643710449931083,0.0,-0.8596137648892005,-1.4850145598023525,-2.345191909389965,-3.1184926517558407,0.75682523184352,-1.6363685773944725,0.3676294709227588,-0.14429341311608404,-0.42188556971329694
1752109548.4578211,0.0,0.0,-1.668304820896614,0.7250073615911777,0.19247499129952741,0.0,-0.8088433681622067,-1.4975917697600403,-2.4079137174923075,-3.126918150137673,0.7543689836610242,-1.6487756958481992,0.3694424415165638,-0.14065184210811277,-0.41654517516697787
1752109548.5578392,0.0,0.0,-1.6790074936800454,0.723200406530758,0.15155179671639596,0.0,-0.5000346075409494,-1.5030058879879613,-2.727900058644561,-3.1351468994022094,0.7662775555737932,-1.654120729224331,0.38311904954449894,-0.14632207019137347,-0.4321183959269771
1752109548.6578262,0.0,0.0,-1.6899098804361374,0.6665637774528637,0.1771932122982688,0.0,-0.6509938762152289,-1.488792024319167,-2.58786347238903,3.132546342430988,0.6793805132615695,-1.6647250872441917,0.39200271112461915,-0.14103275494801235,-0.4157765568667666
1752109548.7259977,0.0,0.0,-1.7018812007964679,0.6042440154221349,0.1477878957011588,0.0,-0.566283094967285,-1.504981608731632,-2.6845290092807415,3.12759365688693,0.6751432571623247,-1.679243529219467,0.39258583602978314,-0.13996444151505139,-0.40480318562877904
1752109548.893989,0.0,0.0,-1.7144504098589635,0.9454126316574837,0.24042009918650764,0.0,-0.466653131105727,-1.5260701193549189,-2.800926032228919,3.137465189144094,0.6617510953276029,-1.6748249755579556,0.40687222968945147,-0.14431241703089676,-0.40940663383529025
1752109548.9578097,0.0,0.0,-1.7280814157724613,0.721903094741887,0.20077875914560828,0.0,-0.287161032587489,-1.5357316865327097,-2.9905695616768972,3.1268919054967643,0.5864483697181307,-1.7045217980654137,0.3832117286152042,-0.13112802481082375,-0.35351802193084253
1752109549.0578165,0.0,0.0,-1.742599844336724,0.818837110644,0.22597412519651985,0.0,-0.6803002767238093,-1.5266861817138644,-2.609770859269055,3.132129163962766,0.5400337325368706,-1.712608063283305,0.405752537445578,-0.13746925926828296,-0.3524615556965886
1752109549.1578264,0.0,0.0,-1.7577656944041138,0.6102917611130663,0.18731736266176935,0.0,-1.0352885788426054,-1.5220354861002805,-2.269860002576005,3.133196675346939,0.5786260136531778,-1.7253208739922896,0.40347799748932567,-0.13718277731526593,-0.3447105583822153
1752109549.230975,0.0,0.0,-1.773850781467834,0.5336002049644946,0.16762553233465427,0.0,-1.2559099489778205,-1.5323421015709573,-2.064974059073527,3.1333682436310344,0.7009535785850158,-1.7422801387862628,0.3874374569065139,-0.13654671457050607,-0.3475678068585445
1752109549.3583,0.0,0.0,-1.7906232171286254,0.8034743672168594,0.2293866509340885,0.0,-0.8931076701321818,-1.5179760304530951,-2.4521774455282985,-3.1318004605787255,0.8749193120480837,-1.7417945188934953,0.3756888037416236,-0.14071773924501468,-0.3740694349237906
1752109549.5254917,0.0,0.0,-1.8079004349491719,0.6842596516832291,0.2231550457929396,0.0,-0.8077931225162354,-1.5119343139343433,-2.543934851917777,-3.1381962362209244,0.8602118710934281,-1.5805102347849476,0.35523357693239177,-0.1340105017491377,-0.35749944857008775
1752109549.6578193,0.0,0.0,-1.8263394214646997,1.3403076249856931,0.4736450174388623,0.0,-0.9660143380443089,-1.5255110305420567,-2.4067465854346506,-3.121951228393417,0.8887762827845815,-1.7776433001397207,0.33051621938222686,-0.13042494950630648,-0.3436366146754104
1752109549.7587817,0.0,0.0,-1.8448095131572424,0.7724809660543339,0.24073999590160594,0.0,-0.8582256188681983,-1.5125570581896763,-2.531709127103564,-3.1088078591385013,0.8825564359057323,-1.8143375704842015,0.3248676633223646,-0.13390080134877588,-0.34716291246304865
1752109549.8244863,0.0,0.0,-1.863596109886088,0.7367228490576281,0.27342475286308143,0.0,-1.0222835036317766,-1.5242670435946013,-2.385550200815157,-3.107087105135601,0.9128263870182884,-1.6886768272752872,0.32153707593197084,-0.13357659655904452,-0.3492662880508937
1752109549.926981,0.0,0.0,-1.8820607649596774,1.2123721434540047,0.3960064298434255,0.0,-1.510188187546807,-1.5382916968816063,-1.9313949791019216,-3.0842251905472335,0.9020372321258482,-1.8427896042091556,0.3030682870440405,-0.13481160321385335,-0.33510539845905496
1752109550.0270078,0.0,0.0,-1.9005213462241533,0.5939236913956455,0.19630991662127997,0.0,-1.3723353753539886,-1.5420742958673637,-2.0751828576160527,-3.0787764190382374,1.2180234867388293,-1.846487295446727,0.2824775492631878,-0.13993010107873502,-0.39047192104982364
1752109550.1599772,0.0,0.0,-1.9199381335896755,0.4950826894298434,0.16470158339581953,0.0,-1.1450718338618322,-1.5315922541055653,-2.3168116394777165,-3.0288822384604033,1.1985755516094743,-1.8533667715058368,0.26541774632626564,-0.14203025138005476,-0.39170462997613503
1752109550.2245226,0.0,0.0,-1.94004219390934,0.7627210255439156,0.26244877544287437,0.0,-0.7979071120526261,-1.524554270588744,-2.68505722590256,-3.073462608722791,1.0714914469751895,-1.6332971806339407,0.26984060611150607,-0.14045570387034606,-0.3864281565166405
1752109550.3578167,0.0,0.0,-1.9601492940061163,1.345377436282624,0.4691490021934038,0.0,-0.6949096649142004,-1.5406896657903444,-2.8090202138238145,-3.05160581626714,0.9969559724908239,-1.899737805643705,0.24843625062287972,-0.13688718803580896,-0.3555736294117582
1752109550.4578424,0.0,0.0,-1.9806374209685491,0.7334727363657969,0.26729086079449427,0.0,-0.9708722937311508,-1.5512486446967777,-2.5537775789835386,-3.076454087291502,0.9770359880142602,-1.9437331628288161,0.2504824152172685,-0.14280629257454436,-0.3653812927506019
1752109550.6244848,0.0,0.0,-2.023078128125926,0.7823657487358889,0.29994915352077,0.0,0.29771657359963416,-1.5398671263683283,2.415051335866334,-3.128051804780762,0.3452192384658921,-1.975171762156142,0.3090157894807635,-0.15897954758698474,-0.34507507310662505
1752109550.659972,0.0,0.0,-2.044738337887581,0.587728828314009,0.24114925661889128,0.0,-0.20977138915504512,-1.5474165662530117,2.902645528419635,-3.1250044073071583,0.345156068236069,-1.9672452350519112,0.3083407541318887,-0.15961991949324772,-0.34484807798421646
1752109550.7589803,0.0,0.0,-2.067231726050497,0.5683486709765997,0.2519507998376538,0.0,-0.9770103060997901,-1.5484292689292822,-2.636974717846632,-3.123970806225674,0.32414008681550177,-2.020945305581173,0.3050011940714258,-0.15449492431326173,-0.2867201934883035
1752109550.8578978,0.0,0.0,-2.0897516745634572,0.9392748193750957,0.3815994129365163,0.0,-1.368929742855998,-1.5585495045037796,-2.265558206626607,-3.1205205438042647,0.5253051534034029,-2.04104843019081,0.2957678887596008,-0.1568870952315518,-0.27887329594956367
1752109551.0244932,0.0,-0.0,-2.112703825903983,0.883939349672873,0.36561472961143765,0.0,-1.6143932288489422,-1.5291480563338753,-2.0543538757162056,-3.0929942994304516,0.6387736886332185,-2.0937537882054276,0.29475466579876525,-0.16224519825151518,-0.2693865654075556
1752109551.1578484,0.0,-0.0,-2.13585147563466,0.5010329835157162,0.22688123977117772,0.0,-1.817635274956462,-1.5362398284985372,-1.8654143814511155,-1.6936511835569759,0.9571957158629036,-2.127196821794088,0.26462774502751496,-0.2895527129712491,-0.24663067997558735
1752109551.2578163,0.0,-0.0,-2.1584215412412493,0.5601477556528999,0.2507319356607463,0.0,-1.3729089468618694,-1.5409191867996728,-2.3342987818741348,-2.027682798356013,1.036783753693206,-2.1369956634389253,0.24297299625110796,-0.2669056112695343,-0.20418245528006093
1752109551.3578186,0.0,-0.0,-2.1809149845620164,0.5874694759024534,0.26919837927219764,0.0,-0.8888258052712055,-1.539542313753526,-2.8393595648148726,-2.1828265895890038,0.9856604051797107,-2.1555164610508655,0.23856177118073985,-0.27292593111919755,-0.17894966710052085
1752109551.4581544,0.0,-0.0,-2.2029533229176566,0.5072987101316879,0.26225460712825166,0.0,-0.7971035340359099,-1.556081242761768,-2.9547100726476105,-2.297385107312844,0.9316081446891592,-2.1762639767531544,0.23541836212137854,-0.2795313341923317,-0.15959734908470244
1752109551.492767,0.0,-0.0,-2.2247568580177464,0.6722834531242367,0.30056303827482894,0.0,-0.6923055299877124,-1.5255747579132464,-3.096315410430424,-2.289964810207115,0.9259713143853774,-2.1674686502464846,0.2341756218599095,-0.28126998608813397,-0.15731654855432814
1752109551.6578455,0.0,-0.0,-2.246308028329698,0.6312697061376948,0.3213588683589073,0.0,-0.6712203118047516,-1.5310855811112445,-3.1251308677219276,-2.7861703957398247,0.7518515853519171,-2.1884793984685564,0.24970341590232428,-0.26502080539583384,-0.1682829973753058
1752109551.7244916,0.0,-0.0,-2.2674312377718606,0.6041146382175772,0.305512436814401,0.0,-0.6180427657201255,-1.544036515281754,3.0866822388022643,-2.821964322970189,0.7271386368238627,-2.2495317564173827,0.24701907876653642,-0.25904373915294,-0.1643186873077608
1752109551.757851,0.0,-0.0,-2.288229321096146,0.4789208162834034,0.23505987017299682,0.0,-0.8968742993251185,-1.5264308835460358,-2.93870296947846,-2.8156781229554504,0.7249704072100719,-2.2406417230932654,0.2460330270427398,-0.2603802655163601,-0.16236346290471843
1752109551.8578184,0.0,-0.0,-2.3088094128217955,0.579702076257661,0.3177781957460142,0.0,-0.7388444057387149,-1.5438891030560546,-3.118197086958094,-2.8931925389513085,0.7642893475510505,-2.2601065239077656,0.24414670487330217,-0.25919093201697413,-0.1677682962628621
1752109551.9578226,0.0,-0.0,-2.3291487391845096,0.6139392084779117,0.3326191444707014,0.0,-0.11286386251520107,-1.553255821678343,2.521347447448765,-2.982391470570911,0.7482907620886233,-2.281587304125846,0.24503070940660673,-0.25652252466643566,-0.17305523352580537
1752109552.0929863,0.0,-0.0,-2.348946820627859,0.46719214171435514,0.2513766390964439,0.0,-1.2748707024572439,-1.5353182967720236,-2.634576136836368,-3.0136480701271804,0.5729250964573227,-2.296129571080762,0.25195454105412796,-0.2514535767208717,-0.16136230161131648
1752109552.2578056,0.0,-0.0,-2.3680851586590554,1.8542278712747402,0.9576010090453503,0.0,-1.3965518396970744,-1.5395561850551798,-2.520846187397557,-3.0441227797740935,0.963661399193338,-2.3019119662378733,0.2382456663269446,-0.2536390017908726,-0.19030180306691413
1752109552.324492,0.0,-0.0,-2.3868167279831773,0.5425228885153377,0.2770411042249467,0.0,-1.1728538735649228,-1.5576746767210419,-2.762721448726893,-3.0570591580955795,1.0254791933180896,-2.3636136467922753,0.2243424384074039,-0.24076264141739626,-0.2053138973850334
1752109552.4591215,0.0,-0.0,-2.4050867353585597,0.5085782808233135,0.2802568165127693,0.0,-0.4637164638987921,-1.5461665088754437,2.794560118622688,-3.038290799596471,0.9559498447838717,-2.36550728979078,0.22670324226187963,-0.2493600833109867,-0.2178959511223161
1752109552.5245092,0.0,-0.0,-2.4235468352622616,0.5290991461393546,0.30134382897776546,0.0,-0.9359212523837573,-1.5357824354253038,-3.032833709157083,-3.055086485842562,0.9556555235470714,-2.1781931630202016,0.22486539960090682,-0.2501399300474135,-0.21762659652612149
1752109552.5912132,0.0,-0.0,-2.44330295733755,0.9454850872063761,0.5489269069226566,0.0,-0.9572042595356071,-1.5019839068588328,-3.0460184373762482,-3.0372444081002947,0.9416899944148003,-2.4020077506236497,0.19390661341825344,-0.21949160869797707,-0.1886329229291028
1752109552.7609756,0.0,-0.0,-2.4645306083437966,0.564651638489495,0.3310579181832458,0.0,-0.8658756069028262,-1.4993671457851616,3.136314356696093,-3.0660652287351002,0.9231182294984047,-2.3911148246156078,0.20625916361355767,-0.23636508722431085,-0.21888760417725708
1752109552.8599818,0.0,-0.0,-2.4864428636948586,0.4244311598888162,0.2436812927660095,0.0,-0.6740819620389239,-1.504280424316513,2.9280660347997327,-3.0621275650819744,0.8814156824445296,-2.452987912838039,0.19724977559558374,-0.2233008844007698,-0.21305882262861786
1752109552.9639816,0.0,-0.0,-2.508861450507091,0.48738604059898677,0.3315785918610794,0.0,-0.6653355313093744,-1.5204164016762969,2.8944042883604255,-3.086752644380767,0.7998090844549299,-2.4751783964274066,0.19455892499510585,-0.2180457240735334,-0.20464051671110706
1752109553.0578456,0.0,-0.0,-2.5315872386663565,0.6287479980267716,0.38042490231929543,0.0,-0.9578507455995633,-1.5243491903723811,-3.1176373353160636,-3.0863744743297428,0.8406882790411617,-2.4948924964015213,0.18919852705679183,-0.2125870818563787,-0.2049108076899114
1752109553.2589767,0.0,-0.0,-2.5754966884758903,0.5378731395815235,0.354554504312174,0.0,-1.3419883859520858,-1.5336459733335777,-2.7867061763464256,-3.033657548948646,1.0590651191132257,-2.471989200952901,0.18017119681287336,-0.22059339517415322,-0.2286283699429297
1752109553.357821,0.0,-0.0,-2.5964903498757996,0.363924816907139,0.31256197136341307,0.0,-1.6478633961280829,-1.5495565858128284,-2.5021038599573173,-2.530994947813116,1.1375551095183538,-2.5541726251109496,0.1461925509643001,-0.2257336068061065,-0.18632561081295057
1752109553.4578254,0.0,-0.0,-2.616635244657274,0.5853205527537719,0.40924333912474103,0.0,-1.0231766056053624,-1.542942049622849,3.137065108800401,-2.684808519039139,1.0728548170743202,-2.5762341934359037,0.14284268868500197,-0.2237188024621652,-0.17846474030844514
1752109553.531977,0.0,-0.0,-2.636565001444743,0.3368145791621905,0.3026674463239993,0.0,-0.49040090200307224,-1.5401457299599897,2.5846540037275996,-2.8586890142315693,0.8451459014532327,-2.6167537269138825,0.14929820971111266,-0.21513555537350276,-0.16215067771713718
1752109553.6245058,0.0,-0.0,-2.656151243904109,0.2439440314821359,0.192339684611642,0.0,-0.8702321315340951,-1.5261090137182638,2.946101630187302,-2.9207402305622456,0.841985876514614,-2.628971227769785,0.1482229261661445,-0.21526027006572612,-0.1608279365258309
1752109553.660982,0.0,-0.0,-2.6751376485505887,0.2822297811738483,0.22646782771981547,0.0,-1.2652704468273843,-1.5340885739442458,-2.966852949053302,-2.912653331284794,0.8403316810648144,-2.61835178135707,0.14669116965849258,-0.21561454910805797,-0.1594759523484574
1752109553.857842,0.0,-0.0,-2.6937608089535954,0.8159900110325833,0.5987292543957003,0.0,-0.9814371659181892,-1.5364834596811299,3.0198759201948175,-2.948727278686876,0.9435873633177464,-2.622179256882167,0.13392559590768638,-0.21339916035106374,-0.1580711310079363
1752109553.957827,0.0,-0.0,-2.711908587124037,0.3723645136597062,0.2758482225686768,0.0,-0.5772430121638356,-1.5336917812102426,2.6001565684966854,-3.0115898491785775,0.8112738662814948,-2.6844968102888793,0.12739414303969013,-0.19383065373877548,-0.14123096925366696
1752109554.0249553,0.0,-0.0,-2.730296257655307,0.31451602461808664,0.2770189244856662,0.0,-0.7884664780732293,-1.5480889952206884,2.7908498143318945,-3.07039017284546,0.797166455255849,-2.712758256668626,0.12552404769423645,-0.18927146314718274,-0.1384141228989852
1752109554.061974,0.0,-0.0,-2.748692278660282,0.2117145242734446,0.23416924619733165,0.0,-0.9707520861972178,-1.531559355364071,2.9542226920844668,-3.063171716432865,0.7966647887826427,-2.703102733070539,0.12388982169348323,-0.18926162717534678,-0.13692302425292724
1752109554.1589997,0.0,-0.0,-2.7671881397355427,0.2994794408777878,0.2617161545668515,0.0,-0.5486456642553967,-1.5213503496414236,2.505240516792851,-3.0698412884789708,0.8353510487612433,-2.7223982404697944,0.11514384262184081,-0.18596305538001928,-0.12964814748855172
1752109554.324478,0.0,-0.0,-2.785623147657347,0.3997854062472109,0.2870052747382901,0.0,-0.5749118642863861,-1.527928311022934,2.52253062286191,-3.109365516249621,0.6865273448341781,-2.736669846723764,0.12377695850591067,-0.1915466842675758,-0.13136551633324253
1752109554.3578284,0.0,-0.0,-2.804138020606811,0.21878858965440728,0.23163098232073706,0.0,-0.6536454599854525,-1.5414172041298517,2.5834549926794996,-3.1041483328032133,0.6863615691128812,-2.7286645333216337,0.1224326066744521,-0.19157062347158044,-0.13008784273469298
1752109554.5245867,0.0,-0.0,-2.8226667515015227,0.23916804163927904,0.20239831676581768,0.0,-0.5720898559264136,-1.5258390688868186,2.482886395963186,-3.1181460703032733,0.6489890384306698,-2.6735609800671334,0.11080049398345708,-0.17515851609492603,-0.11092009172326874
1752109554.6578326,0.0,-0.0,-2.8410745906529717,0.44242583869682944,0.5395355656397874,0.0,-0.939829941022052,-1.5197934801134974,2.83038542066732,-3.1138043682691277,0.7260441679335458,-2.798733474554241,0.10299619982727518,-0.16580189258170777,-0.10258197962651726
1752109554.7578027,0.0,-0.0,-2.859668968744872,0.2726416063995853,0.3056779756772305,0.0,-0.9974892894036008,-1.5336127264209358,2.8692659532600855,-3.1126375407422886,0.8143952473303674,-2.831885243945253,0.0982144953756593,-0.16644607849337942,-0.10140150759015473
1752109554.8599875,0.0,-0.0,-2.878971161519621,0.2852355232589113,0.26051424542144963,0.0,-0.4539396608341928,-1.5348642592181505,2.3040583185302985,-3.116535441779574,0.7038824607591994,-2.853536063281869,0.09947281682349951,-0.16514307387725088,-0.09820952963444725
1752109554.9578567,0.0,-0.0,-2.898028894908132,0.2537524885874023,0.2646286564889051,0.0,-0.7943975464711843,-1.5364698169999,2.6295098352397033,-3.106796345243599,0.7140765062555259,-2.8732196903806058,0.09500264374342626,-0.16079674835857846,-0.09242397276682679
1752109555.0257363,0.0,-0.0,-2.917289903752498,0.24654501371909002,0.25636348227883715,0.0,-1.2171866645506557,-1.529316941784103,3.031528155438583,-3.1163139114001197,0.9072204055462814,-2.8959150293605864,0.08878012383409209,-0.15805970246237921,-0.09606739886664399
1752109555.124489,0.0,-0.0,-2.936491694058318,0.1558727155681198,0.20271640063434612,0.0,-1.4721470601582933,-1.5418365838069312,-3.0161512648425766,-3.0934768024464945,1.1225692250625137,-2.8929530979750844,0.0808769914735965,-0.16211755138148823,-0.10287273620320932
1752109555.160996,0.0,-0.0,-2.9555228640671785,0.1633169897212914,0.2058535190931138,0.0,-0.9085091381999967,-1.5403789048346759,2.6834227960580495,-3.0787376121314325,1.1222661839147963,-2.8768752242297233,0.0792957007891661,-0.16183345712240316,-0.10152139633064931
1752109555.2969708,0.0,-0.0,-2.974863928904138,0.18692389092260167,0.23452765736404982,0.0,-0.1556565001451373,-1.5347412666042264,1.904546473123663,-3.0413333973114995,1.0881086727078264,-2.899676318975984,0.06725546694513765,-0.15134603030422006,-0.08945905979370151
1752109555.3578093,0.0,-0.0,-2.9944163679361133,0.2864456706795936,0.30184855462399474,0.0,-0.3686064368686171,-1.537924618502183,2.1066791973626144,-3.0815091626626354,0.8566743844376751,-2.9571755693724913,0.06511618200329328,-0.14192640073793739,-0.07701148565970302
1752109555.4589179,0.0,-0.0,-3.013786067066426,0.14856788603993373,0.2315358980344035,0.0,-0.4061692941412958,-1.5186579074026956,2.1239057889166304,-3.1001293473570186,0.7122676023281979,-2.9684788048549327,0.07048229039216333,-0.14797077646366463,-0.07764538433011282
1752109555.557816,0.0,-0.0,-3.0335645880092956,0.2606863423629045,0.29735784009527305,0.0,-0.2154470271389346,-1.5320771416872023,1.9127524942490588,-3.1259930495163517,0.5943521011885443,-2.990207146412369,0.0690780913092208,-0.14622562841909448,-0.06954875975469627
1752109555.6578157,0.0,-0.0,-3.053374024859549,0.17986260020604264,0.33275763031994154,0.0,-0.5773828411568654,-1.518136758565184,2.252767423199919,-3.120986384681306,0.5481614043839532,-3.0112472987533834,0.06981583604293118,-0.14456054701035476,-0.06449944832382748
1752109555.7578359,0.0,-0.0,-3.0727669985283907,0.16443821785863133,0.23668121357711044,0.0,-1.0430394578771396,-1.5092513495255808,2.6906262017973424,-3.125678728441734,0.5545074015365533,-3.029726825350637,0.06528755895963444,-0.14331453504003983,-0.05771562163203962
1752109555.9578137,0.0,-0.0,-3.091655251951584,0.11475878812844832,0.23686996101300567,0.0,-1.119722023886183,-1.5127477881416287,2.756830299191251,-3.1167246264493285,0.8133960809723417,-3.027753415661218,0.057287307925051545,-0.14665474874705792,-0.057086592932577195
1752109556.0578163,0.0,-0.0,-3.109801194557897,0.1505348719857014,0.2154576850028094,0.0,-0.907734668931652,-1.5296029144129852,2.524788205791004,-3.1065765959213083,0.8242486516883105,-3.0835982827663817,0.049030364369036156,-0.1341880904524657,-0.049474596377897535
1752109556.1578188,0.0,-0.0,-3.127332754573779,0.18143272102516092,0.2351652578881295,0.0,-0.5184407667783587,-1.5451592069768643,2.1173303399327263,-3.109846687040619,0.734138722546736,-3.1044629812147937,0.049481288336324626,-0.13440402132937768,-0.04844460391812401
1752109556.2578514,0.0,0.0,3.13867154353804,0.4417796754052854,0.4491454539576056,0.0,0.009348732973577599,-1.5377071419072876,1.5742402930074504,-3.1258164800642154,0.4898775531852975,-3.1248045985952455,0.05504279548158054,-0.13345730192802238,-0.04594169209622917
1752109556.3289778,0.0,0.0,3.121940053255568,0.17299994596898963,0.21949988329071596,0.0,-0.29502436171321833,-1.547673729607837,1.862169170745057,-3.1312779486314724,0.43577942740825426,3.134665049874105,0.05762183706486178,-0.13250558211214902,-0.042752034289616526
1752109556.391181,0.0,0.0,3.1055523191905205,0.18000855672257055,0.1921757718160446,0.0,-1.0199100754807102,-1.5570207815147077,2.5671075158094974,-3.1260167102416974,0.4358189701735644,-3.1373906335183337,0.0554768383600917,-0.13167923631206602,-0.04023790704986413
1752109556.4580615,0.0,0.0,3.089582223664992,0.3352148087510293,0.2644604156469799,0.0,-0.41451154406060314,-1.5494553906128579,1.9488813375162526,-3.1263179370248397,0.641148803265818,3.1191550360956093,0.054855780649063095,-0.12588313257453296,-0.04124301428937774
1752109556.6244962,0.0,0.0,3.07405892233729,0.37942393689631065,0.3332140302467666,0.0,-0.020042439604709156,-1.5391728017315234,1.5407129162932462,-3.127734466433661,0.4962321128567293,3.1186276827043713,0.06443284123083218,-0.13086595987853342,-0.044701559479018285
1752109556.7578104,0.0,0.0,3.0591163222915756,1.5051232771941219,1.0386416507130498,0.0,-0.14795982276328618,-1.5524450576275455,1.6534884083140005,-3.1297289449581873,0.38262920168133846,3.0882070072402596,0.07462650868847895,-0.12730376986696665,-0.04463031415076313
1752109556.8269882,0.0,0.0,3.044027481892357,0.2910264697871759,0.24556051844736052,0.0,-1.0168223205057891,-1.5473578549444102,2.508170915558262,-3.1310355170804134,0.5441320809357607,3.055609560183859,0.0882472482683589,-0.13090766725842742,-0.05055795253630181
1752109556.8912065,0.0,0.0,3.029447648473295,0.26314617960508724,0.15893021739500177,0.0,-0.403373209764787,-1.5341093489974784,1.87446710301828,-3.1246206367458806,0.5436992058348125,3.066355419111046,0.08707864825196321,-0.13017416067917356,-0.04859359769035566
1752109556.9600742,0.0,0.0,3.0149618501384796,0.4007714846574434,0.24672187050900393,0.0,-0.538408591068169,-1.5416479185963194,2.0008133501616565,-3.136979472942846,0.4955064286845444,3.0408115497894137,0.0953007477067543,-0.12496112279995941,-0.05259394285124844
1752109557.057831,0.0,0.0,3.0007352440769828,0.5429750445690216,0.34922522023794844,0.0,-1.008733097667509,-1.5435338460897943,2.4578111331699386,-3.133161261322767,0.5005258467788677,3.030416477948833,0.10853810598763672,-0.12907329208581747,-0.05918292387756282
1752109557.1578164,0.0,0.0,2.9867377986395547,0.36719505281831816,0.24829202099661346,0.0,-0.6425243387131696,-1.5355857831362971,2.0791659458179037,-3.1306461413055917,0.6260934290249254,3.0177600677496876,0.11864889552037106,-0.13143442331283314,-0.06849823188763643
1752109557.2280698,0.0,0.0,2.9729943221118735,0.39264157989420706,0.19295960306650686,0.0,-0.5218738076234499,-1.5509821187740087,1.944417671338401,-3.141434577688626,0.6320033389440921,2.9987210605523096,0.12340581344219374,-0.13098941553114685,-0.07450486758269426
1752109557.3581383,0.0,0.0,2.9596700133194807,0.3512766273174245,0.20575607754076947,0.0,-1.8946576802428554,-1.5650280019562028,-2.9878079323488795,-3.1339806021400167,0.5990561622693283,2.9951170895319725,0.1416292699878918,-0.1358536634709518,-0.08886546684375601
1752109557.5639832,0.0,0.0,2.9464978515502454,0.43709275124997377,0.2322311778380506,0.0,-1.128387196543801,-1.5630682521903387,2.5240126916437906,-2.7571690463960077,0.7240089980205848,2.9880717723325336,0.15556709360929075,-0.14576024250101768,-0.092903066581819
1752109557.6245306,0.0,0.0,2.9337308997608558,0.5003886017555419,0.30313603338305195,0.0,-0.7142289746392965,-1.546250220347819,2.0956361030037858,-2.8280499341482965,0.7177727813782345,2.9434446722653504,0.15211367389392788,-0.1429373352510422,-0.09075901846460106
1752109557.7263696,0.0,0.0,2.9206846553073045,0.4483689449467289,0.20683096749606208,0.0,-1.257054236872465,-1.5508930489883772,2.625369201390384,-2.8639737166916985,0.7971461163165567,2.9391123806505774,0.16686504154641763,-0.15477643572245567,-0.10847626529471337
1752109557.8244817,0.0,0.0,2.9081423864356886,0.3858311582440531,0.1905012276176823,0.0,-0.6150316985189266,-1.5464908843773302,1.9723788428524183,-2.97426516854438,0.7197575826513897,2.9244648618020896,0.17526185637135333,-0.15547472954707303,-0.11791506764965812
1752109557.8592086,0.0,0.0,2.8956921565336873,0.36573340497855206,0.1889852367338364,0.0,-0.8068358941058914,-1.527223423542353,2.151514179548025,-2.970234211575414,0.7190791808553544,2.930223246427687,0.1757405405871848,-0.155478514189721,-0.11793897611506396
1752109557.9309783,0.0,0.0,2.8834112048419005,0.350744167316836,0.1787862556238909,0.0,-0.4312259474642271,-1.544616014043264,1.7618886635857915,-2.9989430636944694,0.7321691224369831,2.9068822857467964,0.17413289641831411,-0.15082436270875801,-0.12084829136015764
1752109558.0590947,0.0,0.0,2.8709424343015124,0.540382397153188,0.3068100822390123,0.0,-0.9385057364335477,-1.5499794093633925,2.257273326831459,-3.043393948931944,0.631559802770286,2.9020522066235497,0.18973537049254668,-0.1551567016871101,-0.1296933322187229
1752109558.2245295,0.0,0.0,2.8590836838572087,0.47244086255978734,0.19611260415980472,0.0,-0.7832537103585792,-1.5351781655758638,2.0900576472544947,-3.096882191703905,0.7371785005911351,3.0754633328377112,0.19024275110222366,-0.15286406486983753,-0.13907425332770437
1752109558.3578064,0.0,0.0,2.8473671941276972,1.1654513251254333,0.6228881001922939,0.0,-0.24857253654535758,-1.534818031184642,1.5427413853476533,-3.1064225872075757,0.6082135728184745,2.872688797338708,0.20288984469057153,-0.14673828367002847,-0.14513834477224755
1752109558.4579785,0.0,0.0,2.8356289748474266,0.5884543082646381,0.24609545936568217,0.0,-0.1302562003101278,-1.5451236446213383,1.4133813885809206,-3.1133520854907077,0.503631319674959,2.8491109945039845,0.22349173990985835,-0.14912238729911015,-0.15167875478611023
1752109558.558482,0.0,0.0,2.8241235630406814,0.5956848352895181,0.26077354951461573,0.0,0.11304167745924423,-1.5163857073244207,1.151985246316973,-3.132908519087599,0.33008986010433455,2.836610430628445,0.24216341655235366,-0.14839739215294037,-0.1457707128346683
1752109558.624504,0.0,0.0,2.8126966985539257,0.8400914921384669,0.3945685096534769,0.0,0.07285913137399128,-1.525512723387074,1.1838142543491565,3.138881734379021,0.23277537062907697,2.8205262821925423,0.25530389994543534,-0.14787653596489017,-0.13583388233203816
1752109558.6589963,0.0,0.0,2.8016735548691267,0.5245787356342043,0.22281137492623965,0.0,-0.22274252997022273,-1.533040617351241,1.4714031429638397,3.139975848684939,0.23265022379900382,2.8246162373109094,0.2565516784085462,-0.14780787812726168,-0.13604525760786187
1752109558.7620275,0.0,0.0,2.7904011401099833,0.7535972299102759,0.32616848108163693,0.0,-0.8079265517735594,-1.5429065340944719,2.0409828648071415,3.13302666400765,0.22987389265825886,2.813144990699419,0.26996637471794505,-0.1468539087428063,-0.12965718110844157
1752109558.8578165,0.0,0.0,2.7792458508618245,0.706730773769055,0.29960043285615773,0.0,-0.5051899017885196,-1.5394819829888784,1.7325006421569702,3.132098919400942,0.4332628067410105,2.8019289491523294,0.2747254886648018,-0.14649145930353877,-0.13828230141814024
1752109559.0269892,0.0,0.0,2.7683921142209638,0.46616483751239984,0.1999114383145926,0.0,-1.2888935032464781,-1.5527534467591222,2.496529555870748,3.136700284263604,0.45076750597296744,2.7796096070337555,0.30150480248826755,-0.15170370402363456,-0.1508929546720461
1752109559.1578183,0.0,0.0,2.757547394576907,0.5174176421502359,0.18542107982154987,0.0,-1.0399863323949574,-1.5472858152665288,2.2426667108504947,-3.139598899561885,0.68350707603493,2.775137068987166,0.3066724957684585,-0.15033492360022957,-0.17528165844465826
1752109559.224484,0.0,0.0,2.747086601097525,0.7703743552397825,0.346008212317556,0.0,-0.6978491695373975,-1.5394920979932427,1.8926896471228098,-3.1389615038077654,0.6852574611809246,2.7558934239105994,0.29562140636083345,-0.14510708989177198,-0.1751215154301396
1752109559.2578416,0.0,0.0,2.736779366034185,0.524646803981875,0.1780777470525857,0.0,-0.4375938116048573,-1.5518553545894225,1.6246685460390282,-3.1358534713538577,0.6851774305199037,2.7602990861791667,0.2970268486525059,-0.1450198343156496,-0.17571341674525703
1752109559.3579676,0.0,0.0,2.7268479429858665,0.46459436735690907,0.19545014249498957,0.0,-1.2235852356503962,-1.54580499076895,2.3994360144232014,-3.136756760533424,0.6045804187237932,2.749287166885237,0.30615245158615717,-0.14319561415581072,-0.1806878477738923
1752109559.4590788,0.0,0.0,2.717074414278999,0.43747813546578024,0.17871496997798494,0.0,-0.7383624875171099,-1.540692165765843,1.9059280090831106,-3.1318144130822634,0.7207333223496866,2.740405514546418,0.3040419424513498,-0.14325870181081585,-0.19663068986696722
1752109559.5671992,0.0,0.0,2.7073909845871778,0.6207793259376897,0.24126314483416214,0.0,-0.27945342051575495,-1.5275364183698625,1.434969563428799,-3.127302408490089,0.7226467315102363,2.7313251476452116,0.3044989774479363,-0.1429501054931005,-0.2046542689567968
1752109559.6630847,0.0,0.0,2.697636542783315,0.5442402114784172,0.2091608661519564,0.0,-0.3691240257531997,-1.5134556237378525,1.5190108890822227,-3.1414675625507655,0.57301697137689,2.718678608590613,0.3111478638643114,-0.1407331293002906,-0.19625104365978677
1752109559.7609684,0.0,0.0,2.6892176541724138,1.0201127050253147,0.4159979297474388,0.0,-0.41851867935664555,-1.5281695885446658,1.559248011249819,3.1308167459391125,0.5174773248299417,2.708118415107969,0.3201132886139618,-0.14044401532164325,-0.1955240466483636
1752109559.8579533,0.0,0.0,2.6818900892476756,0.791810970012851,0.28438998117383407,0.0,-0.8245379574039692,-1.5288746389444947,1.9576110933998903,3.1267216212353484,0.4927252181897641,2.6977709921063635,0.3264040675341969,-0.14072164060415365,-0.19464708332339356
1752109559.9578204,0.0,0.0,2.6756622851450755,0.5912375624183792,0.19793542080510138,0.0,-0.8241418704524754,-1.528891010127984,1.9572095733168717,3.126287632382785,0.5669507618596672,2.6892788844481403,0.32817189438006494,-0.13908074302818121,-0.20313838420625127
1752109560.0578318,0.0,0.0,2.6701716538858205,0.49526653500413137,0.18482688001416067,0.0,-0.49406496335077843,-1.5248529776298787,1.6236859700565436,3.1202053118070374,0.5424186384403056,2.6823355156157387,0.3341841497074317,-0.1367307965665517,-0.20469566637187922
1752109560.1246247,0.0,0.0,2.6657219387292113,0.45692497705785207,0.148079289615539,0.0,-0.8005222912311668,-1.5353672265907705,1.9181757731435574,3.1230964105009154,0.5422571908415009,2.674619409068068,0.3359084085270942,-0.13632378014540011,-0.2053679876989072
1752109560.2269843,0.0,0.0,2.661431225124553,0.6377295684953387,0.22616724962694382,0.0,-0.5086330237769123,-1.5490120563310734,1.6234959168817982,3.1209708422309896,0.6433099123886777,2.670623772280532,0.34588828730272464,-0.13825701332470636,-0.22655245540548619
1752109560.3578956,0.0,0.0,2.658435322890814,0.76349641609575,0.236012205667163,0.0,-0.16003831899008267,-1.5360496500138205,1.2673134233908063,3.124768898185339,0.6050054625787277,2.667140396666328,0.3513948640391548,-0.13764477479693166,-0.22891456222881965
1752109560.45782,0.0,0.0,2.654338153900582,0.7212093371319903,0.2280019970638035,0.0,-0.2228536545084339,-1.5465906230700888,1.329308327891435,3.122060319723918,0.4880931621293483,2.6630741537315403,0.3451523559194527,-0.1290987490060803,-0.20809957991803824
1752109560.625118,0.0,0.0,2.6501896173124986,0.4782814233728748,0.1451589397503763,0.0,-1.0660492503038619,-1.5600721314069317,2.161697370160964,3.1247390260216044,0.4071132950729846,2.654311467001767,0.359210381266873,-0.12598902212821128,-0.19540698948785046
1752109560.7578125,0.0,0.0,2.6455821354996982,0.5180087086693818,0.1719570420620322,0.0,-0.940719295919051,-1.554735999864688,2.034018571997758,3.133029074957655,0.6644694249909766,2.653287937882082,0.36445654166871183,-0.12967339694605506,-0.2309259987233364
1752109560.860993,0.0,0.0,2.6405946209063305,0.6565520057392147,0.17497227485611494,0.0,-1.5020027150218995,-1.5403283049998304,2.5939592727731178,3.135595540273611,0.8680622542614032,2.650331647646837,0.3379710589390398,-0.11991659526456461,-0.24619356928497524
1752109561.0578053,0.0,0.0,2.6281383998736967,0.6829122327538361,0.24867013930327395,0.0,-2.4946492420304094,-1.5666642340117078,-2.7122808970563717,-1.309962429868934,0.6910007064947449,2.6278804787192818,0.3497878589393029,-0.24124944359414996,-0.18635848048725953
1752109561.1244912,0.0,0.0,2.619702055263203,0.5882178138434706,0.17510448430699613,0.0,0.17410658203594395,-1.5615286114254148,0.8939764618736721,-1.6643965071527376,0.5163040387927933,2.619362812995277,0.3332843156747668,-0.20421177864060272,-0.11490935851883813
1752109561.2578194,0.0,0.0,2.610173262271303,0.4091856377138348,0.15538901279126785,0.0,-1.204125221313808,-1.548359113656436,2.2611356158782736,-2.0008048620423073,0.660996794347608,2.616478560707245,0.33905229879803744,-0.20519886316108016,-0.10426358277616583
1752109561.357818,0.0,0.0,2.600215984796362,0.38602897639605377,0.16401200037425986,0.0,-0.45276480615160486,-1.5514648315280828,1.5015716090013345,-2.1599633631268054,0.6222439178286413,2.608662321196271,0.31680485692823307,-0.19216891916309226,-0.08599856025358285
1752109561.4270086,0.0,0.0,2.5890742842167573,0.7742839427274861,0.2792439036868631,0.0,0.18253727330022737,-1.5411487085841395,0.8554353675667693,-2.4280693417985773,0.3973567895465563,2.5957484208770163,0.32661391815007307,-0.1777939295573023,-0.0803616952491724
1752109561.524474,0.0,0.0,2.577035284575059,0.43195505800250905,0.17583527035114838,0.0,-0.4190844585971355,-1.5356231788679569,1.4455032810007962,-2.6445784488058863,0.3977846577917207,2.5880038125021807,0.3373572589593892,-0.179063110947635,-0.08411078231139961
1752109561.5578213,0.0,0.0,2.5652060396012564,0.37082338460220143,0.12042462770260132,0.0,-0.6322233917394501,-1.5198271193250825,1.6464985696746415,-2.6427606012081273,0.39591148689113054,2.591737161005266,0.33818615777095706,-0.17930129868286598,-0.08320821299295145
1752109561.691152,0.0,0.0,2.5522959185488845,0.40931076384570725,0.1593563515864627,0.0,-0.632250915600096,-1.5198313054018429,1.64652174335993,-2.8089582914507076,0.46473041543437515,2.582791005036693,0.31640770587250766,-0.16743332671135308,-0.08691384439663837
1752109561.760983,0.0,0.0,2.5396176037750746,0.5610452417322499,0.23602833736765072,0.0,-0.8940669315256369,-1.5198447043044823,1.883686201707007,-3.006357935937125,0.7829787022318463,2.5649808386965525,0.2889510002838351,-0.16878620933702013,-0.11716844636690997
1752109561.8590233,0.0,0.0,2.526276475039086,0.5196262059793578,0.22912763167526273,0.0,-0.4525339679517321,-1.5356112066386325,1.4277021576199267,-3.0100041139852634,0.7930643701118161,2.558856391156752,0.28960053889796344,-0.1720720933871249,-0.13089305455688105
1752109561.957829,0.0,0.0,2.512655443117135,0.59341951763532,0.301205015358682,0.0,-0.923567275574262,-1.5315247413723674,1.8845260877224246,-3.0343373060064667,0.7173732811663687,2.543805016211852,0.28439934814649614,-0.16774610681496027,-0.13372821826387746
1752109562.057844,0.0,0.0,2.4988756782299553,0.34279465489368643,0.15529640214327387,0.0,-1.2104670406896028,-1.5181812923685414,2.157905160095369,-3.0393289686618585,0.7415459424489911,2.5319722411552323,0.27527432248088946,-0.16638142913282775,-0.13918848016464147
1752109562.1912448,0.0,0.0,2.484730305704993,0.41684641984601817,0.19954937184738605,0.0,-0.7285051541278921,-1.5305870779689559,1.6570233401898502,-3.056973729470895,0.8667086171716871,2.527428588768415,0.262901671502996,-0.16438320234601517,-0.15519325861876632
1752109562.357841,0.0,0.0,2.470307520628011,0.4245674314034353,0.18980588413369803,0.0,-0.8361153423072023,-1.5370552599946794,1.7561281288095574,-3.083497108182587,0.8160887850978329,2.512975924940436,0.25458875857271623,-0.1604389511242932,-0.16432530905066128
1752109562.4244926,0.0,0.0,2.4559740003187196,0.4670177601801278,0.23934927513795629,0.0,-0.9547310113095695,-1.5490224114107678,1.8611167916187812,-3.101211520422514,0.8669516209213792,2.4708450543729255,0.23406683349506127,-0.15072481096663878,-0.16740061166284811
1752109562.5245266,0.0,0.0,2.441330653319644,0.3438171352680765,0.16055291602206556,0.0,-0.8446927232262966,-1.5306793465221957,1.734139576488096,-3.105297174316721,0.8593492258316459,2.4639614061192727,0.23559545396843654,-0.15331135101198456,-0.18088554379113367
1752109562.6245112,0.0,0.0,2.426036050481972,0.3208727826605367,0.1716217080867403,0.0,-0.7881980290086597,-1.5145317506714941,1.6635393805582341,-3.1140182701315697,0.8382314270848976,2.4486615867756782,0.2276498155329443,-0.15045066901807091,-0.1824718211899697
1752109562.6619694,0.0,0.0,2.4109519798842607,0.38639575174016844,0.2106357782204544,0.0,-0.5863897050549797,-1.5255602974215507,1.4502380792770535,-3.1074153252679833,0.8382033584434925,2.457140402616748,0.22711244855295779,-0.15031123549355704,-0.18283824479104557
1752109562.7929766,0.0,0.0,2.3954826387358006,0.418478887690576,0.2477076078244152,0.0,-0.7108900521954615,-1.5429592205813705,1.5533167764516695,-3.0964667612433483,0.8022076066272492,2.4407548298628696,0.20999961470431705,-0.1415538523764871,-0.17237022532888985
1752109562.8578408,0.0,0.0,2.379681130062777,0.5645244522229682,0.330311171890527,0.0,-0.19728126202924157,-1.542770150112139,1.0281116856706511,-3.113648692631426,0.7673905639695756,2.40942666254932,0.19552691606141528,-0.13338628234130329,-0.16054614227515646
1752109562.957812,0.0,0.0,2.3637949779727734,0.4197416301127339,0.20194652138420546,0.0,-0.6861172961863184,-1.5299041363729573,1.5003828151621004,-3.1164044395968915,0.6366431850250621,2.399535937689045,0.20645174721329057,-0.14018163079913676,-0.16274825912446145
1752109563.094977,0.0,0.0,2.3475106849945906,0.466092303481643,0.25523552399733074,0.0,-0.45882862498779453,-1.5467662362047898,1.2543673373661175,-3.1257966409104885,0.6570526430846592,2.391548958684204,0.203269122422406,-0.13646111217259738,-0.164243007241158
1752109563.1578186,0.0,0.0,2.3316022782138455,0.5298823274702906,0.3231607262649023,0.0,-0.47917670115429806,-1.5318063352089109,1.260104382299231,-3.12319876360162,0.6305076359783679,2.3604399053793887,0.19437315887157594,-0.13078125310541358,-0.1542325537111051
1752109563.2578268,0.0,0.0,2.314650837443655,0.47368133061845447,0.2563666409225979,0.0,-0.479174376321856,-1.5318066687502259,1.2601016559281357,-3.120376421472658,0.6059735280252987,2.3522764943791996,0.19926625473997644,-0.13546081462553566,-0.15693960143113753
1752109563.4256072,0.0,0.0,2.298218406809549,0.35401181005850274,0.16563688342089092,0.0,-0.3868626036889559,-1.539073831931867,1.1339991059104164,-3.1340777610191726,0.3870599696477411,2.336975031291373,0.22208984723371414,-0.14256478666578715,-0.15407736440342712
1752109563.5279963,0.0,0.0,2.281093127680152,0.35641336126350687,0.1972075075268553,0.0,-0.838059692922873,-1.5326067526669105,1.5702891710853313,-3.1356895722938365,0.5147194327708005,2.301042955656831,0.2157597214047775,-0.13777302157184657,-0.14842500484879903
1752109563.6578069,0.0,0.0,2.2640916326945475,0.355600544890965,0.2044763388170875,0.0,-0.2132266510178682,-1.5352871839234286,0.9258733424360274,-3.13304951942588,0.44978657095898733,2.288778604220309,0.21353100477543477,-0.13544585915906374,-0.13939290166780785
1752109563.6920059,0.0,0.0,2.2466136185831815,0.4618037066602602,0.2623460769831295,0.0,-0.4430634836425267,-1.520549749626586,1.1399384632599308,-3.129897912561703,0.44974060224471435,2.2952826252801266,0.21306738983519202,-0.13522433111348378,-0.13918679501255377
1752109563.791279,0.0,0.0,2.2288046087379914,0.5666126289080207,0.28699416917882026,0.0,0.004033334989465281,-1.534838981295305,0.6681020598899899,-3.132040124557162,0.44831425243762185,2.2661507901728233,0.20070467573619155,-0.12739874311536956,-0.12547659869611077
1752109563.9244778,0.0,0.0,2.210714617633867,0.5080236972613612,0.25233800719720456,0.0,-0.29457478921188474,-1.5385355813588233,0.9557866447140113,3.134272037482752,0.30551756921239104,2.2447517088450413,0.22540042215871478,-0.1352621597177493,-0.12327944092811151
1752109563.9578142,0.0,0.0,2.1925564706141882,0.3814233650437935,0.23973255547730962,0.0,-0.671404271501151,-1.5268840174114091,1.3169930585926364,3.136399248690849,0.30553184324069793,2.2510075309977737,0.22512495715437633,-0.13506844504860593,-0.12292045036480845
1752109564.0289726,0.0,0.0,2.1748856909806347,0.3378759754127595,0.17380914499458328,0.0,-0.671406039705544,-1.5268946282507774,1.3169795612469293,3.128492853138236,0.4518400672987116,2.207217718503929,0.21846182871589698,-0.13336459251893953,-0.12054349471269354
1752109564.1589878,0.0,0.0,2.158411756218822,0.34077987915950914,0.18124388138196793,0.0,-0.8804650824267767,-1.5392309638861037,1.511365366503122,3.1381349776845626,0.580556003560604,2.2004869278115287,0.22319977901864374,-0.13680517969537118,-0.13142692521453928
1752109564.2245111,0.0,0.0,2.142139167678247,0.3318951403533567,0.20224385822146612,0.0,-1.2039919180123873,-1.5179769384557456,1.80337643717228,-3.1410917220148002,0.8034289715985334,2.1754100200650512,0.20710179298546044,-0.13058072643339944,-0.13937112630578205
1752109564.367972,0.0,0.0,2.1268126911431406,0.4196543941264903,0.2796179831609116,0.0,-0.8138766666769921,-1.5272756608670528,1.3963635456548966,-3.1242175892034343,0.8948800754922803,2.175969341982009,0.2062882483086249,-0.13608117596946342,-0.15622449277902284
1752109564.4578147,0.0,0.0,2.1113830413879913,0.40569205327690294,0.23079945251233047,0.0,-1.08533088603171,-1.5301616435932175,1.6535717285650031,-3.123768940677826,0.8707505259805071,2.1483776050314076,0.1877240246874077,-0.1282616519758708,-0.14633870905439378
1752109564.557805,0.0,0.0,2.096497798227884,0.3599251599518804,0.2666336545114556,0.0,-1.2609674451926138,-1.542097340712166,1.818235915749299,-3.1173629093123054,0.9309125367290091,2.136663064883221,0.1831268967596726,-0.12989405370518406,-0.15774735943011187
1752109564.6247523,0.0,0.0,2.0815893807668107,0.3222371818039461,0.20637660432953633,0.0,-1.9706802360838565,-1.554536477605353,2.5068160942645825,-3.1165964977368645,1.0410090892541848,2.11427544436421,0.17385496269763884,-0.1341100104831267,-0.1685341176944771
1752109564.7578225,0.0,0.0,2.0679025582530195,0.45413717440436724,0.3147715361154019,0.0,2.6800972022469662,-1.5645004832858556,-2.155207835332382,-2.316477089772551,1.0817504175661286,2.108142281389691,0.16660778971195198,-0.16947882299366884,-0.15883496052524765
1752109564.8593493,0.0,0.0,2.0538967340595167,0.3829565981081983,0.2461830355752236,0.0,1.7040212377690096,-1.5430246637035065,-1.196147393679117,-2.0188266571491056,0.8780610921227865,2.0779797271547977,0.1573219844299711,-0.17973225039651672,-0.11471667785331759
1752109564.9589772,0.0,0.0,2.0408012448949444,0.6505576528305956,0.3890389997518166,0.0,1.2593051331394325,-1.5514482292985978,-0.7614214856739108,-1.6559997951884802,0.4255205827646243,2.0553355768111623,0.17489486457544415,-0.19434416105526905,-0.05553707298372463
1752109565.0244956,0.0,0.0,2.027856997832695,0.37517477164043794,0.2084037955423496,0.0,0.49489419759319836,-1.5460366861373327,-0.012043601154901485,-1.883881050230703,0.1555758394205382,2.043460203197373,0.19122183091204703,-0.17312339837105356,-0.03214501316775675
1752109565.1578407,0.0,0.0,2.0155011555749436,0.2942912001089089,0.19375459958013067,0.0,0.49457156514327416,-1.5460420894643319,-0.011737326374168336,-2.2428711450335928,-0.046763726657993276,2.037852606414295,0.2164147945369753,-0.15550586317517306,-0.020439957793945418
1752109565.2578132,0.0,0.0,2.003356984643747,0.3498390071076183,0.1714007622114333,0.0,0.4119891162386177,-1.559387162830689,0.05812764697312558,-2.3841284995517613,-0.11401189641576706,2.0239907941222715,0.2111727295301168,-0.13857580551406612,-0.0037247723335776
1752109565.326995,0.0,0.0,1.9913209806771348,0.3121460998085458,0.19530388626283143,0.0,-1.17528151601428,-1.5541649985639183,1.6317955528121935,-2.627180140640551,0.29527580737291054,2.0109695595006016,0.1997565763072118,-0.1437401248806811,-0.013359744961658825
1752109565.4245315,0.0,0.0,1.9795848847587478,0.3606621261647044,0.20229486904045652,0.0,0.0458772424291623,-1.5466680144882505,0.3951164451818244,-2.6230984794489944,0.289052909814779,2.0020199873196436,0.20987453935637718,-0.1516390475121509,-0.006096298719039327
1752109565.5660481,0.0,0.0,1.9681080390451569,0.23833487477895154,0.16801922397947633,0.0,-0.8988803346071266,-1.5415005474007974,1.319895568668507,-2.8981967204373382,0.14695894504165535,1.9959535612906694,0.22134388143949377,-0.14632560230484978,-0.0050970527523814075
1752109565.6578016,0.0,0.0,1.9567689024316974,0.631660429780874,0.3008611639676659,0.0,-0.9040355273500849,-1.5248916450856793,1.315473832513133,-2.967895409302778,0.3513103616328127,1.9791864899267646,0.20313440218291764,-0.14414845276541058,-0.013298574038887088
1752109565.7578175,0.0,0.0,1.9454369502362283,0.3283267155048531,0.18308356261861777,0.0,-0.5786470789690881,-1.5364014361531904,0.9803060270076818,-3.012235082157972,0.47857623825713164,1.969261139752218,0.2103507779921019,-0.14887088816407307,-0.02678246783988382
1752109565.8369799,0.0,0.0,1.934571205820289,0.35694959526967257,0.1896793047467278,0.0,-0.03134636936364895,-1.5392331898236167,0.4234352715596479,-3.059439703475705,0.5094131669171542,1.955215569850477,0.21283173264893648,-0.15075377738879026,-0.03799621967170143
1752109565.9260087,0.0,0.0,1.9239920693178283,0.3569921028900467,0.19413600481642088,0.0,-0.1027650401777257,-1.5536545032901183,0.48180264135303086,-3.0890954713469987,0.3667808544656576,1.9446692836061654,0.22334427070033022,-0.15316812442182257,-0.04098268577215544
1752109566.025586,0.0,0.0,1.9132794641536202,0.39628915340875026,0.19762177211031332,0.0,-0.10330150317651962,-1.5536505837080632,0.4823334414165507,-3.1046646811171934,0.29300775484931796,1.9345271714593109,0.22945317459269815,-0.15346854852854666,-0.0412533636879374
1752109566.163981,0.0,0.0,1.903042175767274,0.4126056706147218,0.18808813275842712,0.0,-0.7553436816349459,-1.5411183280044634,1.1130419470407604,-3.110111614110059,0.390976531024938,1.9286630848501476,0.23187351709341109,-0.15220083707110693,-0.047929199987022816
1752109566.2269893,0.0,0.0,1.8930524630499335,0.47850277425997695,0.2582381202747346,0.0,-0.755271120691134,-1.541119353485436,1.1129672382930615,-3.129568778971449,0.5344988901962884,1.9105251669662386,0.22560465087493117,-0.14458711468510937,-0.06101639142434575
1752109566.3578103,0.0,0.0,1.8832230012749853,0.3493819931023524,0.1870792354197866,0.0,-0.3248127585048587,-1.5543033083054643,0.6720508624115309,-3.128408260559131,0.48402018438360794,1.9082072389272502,0.23857673875107133,-0.15170593776051636,-0.07084288910591434
1752109566.4911718,0.0,0.0,1.8729515986740688,0.4296802087852687,0.19288363384851231,0.0,-1.1122853010358842,-1.5521969809288017,1.4501554854513699,-3.125351487215485,0.6631457762879368,1.9002108419088113,0.2268804376755256,-0.1447878693235692,-0.08303128338168547
1752109566.5578203,0.0,0.0,1.8627974347042953,0.5763669086336487,0.278228941537336,0.0,0.388743900043915,-1.5489898224210328,-0.0655855951099582,-3.1307518732362976,0.4422948282383939,1.8804138986248333,0.223977780305513,-0.1379487725656465,-0.07804414608780266
1752109566.6578834,0.0,0.0,1.8530699008355163,0.36081197237879914,0.1837095622795335,0.0,-0.049370385823916195,-1.553932774113033,0.3670723853645732,-3.1300472544903775,0.3880703443741144,1.8733677449114605,0.2407403265822611,-0.14446426630732057,-0.0847976728011651
1752109566.728021,0.0,0.0,1.8431854600355702,0.3090849535065331,0.14118169231835376,0.0,-0.3959216549733612,-1.5386600634740948,0.6935940664513781,-3.1390244951463213,0.6040919231700704,1.8611609399011015,0.2403373488006353,-0.14490978250732708,-0.10359386405945217
1752109566.8583546,0.0,0.0,1.8339234132884406,0.5235569141133776,0.22097161246576272,0.0,-0.40959754171142704,-1.5505384542282388,0.6974851530963945,-3.1399163075872565,0.548996211418931,1.8576313645152722,0.24877600082675902,-0.14698691150617513,-0.1114363627871574
1752109567.058734,0.0,0.0,1.8242530157674925,0.9786053159728174,0.44394294382616617,0.0,-1.7114853746762002,-1.5479295713914798,1.9803928257723913,-3.1306531715218173,0.5289440230891069,1.8355527482609575,0.2489185060962637,-0.14046922526178493,-0.12020874257678973
1752109567.15785,0.0,0.0,1.8153009357377918,0.42103604743451173,0.16696547580926996,0.0,-1.4139871740609091,-1.5508002916853716,1.6783438680710594,-1.994052673434387,0.9545283624922812,1.8214614223371428,0.23821136992943454,-0.17596201928314573,-0.11149808827168593
1752109567.2244911,0.0,0.0,1.805731210248476,0.4214617756852503,0.2067525966900613,0.0,-0.8960798874330138,-1.536781238473155,1.148133980789879,-1.9903902498916115,0.948208531322259,1.8097645471770085,0.23260740360483922,-0.18842968433871982,-0.09118847494406436
1752109567.3259766,0.0,0.0,1.7968541132963545,0.578211665904679,0.2227547372040537,0.0,-0.9910789213807025,-1.5427665180630747,1.2377697552951632,-2.511327678915507,0.9379017374477467,1.8091380526203247,0.23881326887549925,-0.1931502942377219,-0.10856233321970063
1752109567.3911016,0.0,0.0,1.7877596387788555,0.41060607978945063,0.1458097707944107,0.0,-0.45449700116487096,-1.5377296414776005,0.6903827412424661,-2.504531228203054,0.9343407952566553,1.8168974261864437,0.23907501402127054,-0.19411217783401905,-0.1086816513581523
1752109567.460679,0.0,0.0,1.7785944739646455,0.5388302379219645,0.2600415540947648,0.0,-0.5931880968419548,-1.5231878794649818,0.8226283662202946,-2.7666622425634957,0.735046563494921,1.7954723063662168,0.22606252248602665,-0.17211687885158505,-0.10650351762338608
1752109567.5579832,0.0,0.0,1.7697184485216393,0.6475954020557914,0.24857509673779385,0.0,-0.616496403953983,-1.5420440195520755,0.8324457522538579,-2.911650070158756,0.6798615575076751,1.7893850322781413,0.23673148314529924,-0.1776131935052297,-0.12009904277090894
1752109567.6578183,0.0,0.0,1.7605923520799402,0.5040548745393361,0.18751445224363247,0.0,-0.616634884016916,-1.5420378975515512,0.8325731599828613,-2.9546737132672507,0.6649469893249629,1.7809826756430274,0.24222518452024439,-0.1772936043044683,-0.13111362058257417
1752109567.7244992,0.0,0.0,1.7520813948165213,0.41985110818492116,0.1548507776826986,0.0,-0.8214541369767111,-1.5498814818258662,1.0310711953123857,-2.9745140777780996,0.6824191658621995,1.7680758395586393,0.24561937341315768,-0.17601705775227167,-0.14141394189664003
1752109567.857831,0.0,0.0,1.7433785692874946,0.4615549323670219,0.1878365194955246,0.0,-1.1546168079615609,-1.5592516744521312,1.3546257468689047,-2.9859625469535542,0.7418770014787253,1.7671471841792366,0.25475715952898265,-0.18123494737247955,-0.16037964395469972
1752109567.9251425,0.0,0.0,1.7349041440990625,0.43099793557736893,0.15977950407225505,0.0,-1.1862415015204029,-1.5403585195327087,1.3718187282361736,-3.012859376354129,0.72743406658273,1.751124221688611,0.24668427778809998,-0.17272237473747992,-0.16182746006359144
1752109568.0911596,0.0,0.0,1.7266527399220513,0.45104172631208456,0.16135681833164348,0.0,-1.4665135354073835,-1.5133574456325283,1.6391759530624874,-3.0393926445001114,0.855273788773859,1.7562058547217336,0.25226791841941226,-0.17773003905604168,-0.19090371876129986
1752109568.2578106,0.0,0.0,1.7186744508172493,0.8803241612242337,0.3060440707078118,0.0,-1.5356267800579388,-1.5226824995557526,1.7044616154351329,-3.0775389092477154,1.130710758466814,1.752565985649483,0.22901712161553006,-0.16830172913803704,-0.22748386638082477
1752109568.3244781,0.0,0.0,1.7111048387332417,0.4451718279840791,0.13743856615859576,0.0,-1.409690651551362,-1.5387085748748959,1.5725571295446379,-3.0818527578725647,1.1770272868383502,1.7225533359625465,0.21025205904822789,-0.15721584870974017,-0.2453250943566849
1752109568.424485,0.0,0.0,1.7038987213393901,0.40484363740868634,0.17427262195601032,0.0,-0.8493637933863702,-1.55493293492628,1.0056385376972734,-3.096526302634287,1.0718925260126535,1.7171263246988686,0.21342729298669702,-0.1606258347407224,-0.26021834068585825
1752109568.5255964,0.0,0.0,1.696564765660082,0.44383658299491224,0.15309332153593616,0.0,-0.4949644437708098,-1.5409302448747046,0.6461315002684715,-3.114984603114246,0.890073775076129,1.7080472865916856,0.2186426857887011,-0.15489795488244312,-0.25890151098537517
1752109568.6326299,0.0,0.0,1.6882317248670968,0.4412631071710839,0.16095550080152216,0.0,-0.5416115283907827,-1.5144990823311293,0.6829155507773066,-3.1043353068104786,0.8887245196513404,1.7003536079031678,0.21879887665412742,-0.15225471707055402,-0.26617892493906953
1752109568.7578137,0.0,0.0,1.6781145960549981,0.4345746522100015,0.17979350611029687,0.0,-0.69325354373662,-1.5153604781166539,0.8310926865463223,-3.1384375144271264,0.7661060144965959,1.6981516793660845,0.220374670943285,-0.14339740065294024,-0.2569640274385868
1752109568.8245163,0.0,0.0,1.6658060692890129,0.6477192775163909,0.2551022528005753,0.0,-0.9067722848984527,-1.5246685582710184,1.029608525332242,-3.1363700850723877,0.7861977023865306,1.6782620431634436,0.21706753982874336,-0.1379515548930274,-0.252966850953546
1752109568.8609786,0.0,0.0,1.6518178152802854,0.544445653033788,0.2191163667745798,0.0,-0.6368477981815317,-1.5250466658710988,0.7447651824989477,-3.1314493618320984,0.7860884434070962,1.6850690729852533,0.21690466794638524,-0.1376991584873577,-0.254415176028158
1752109568.9579625,0.0,0.0,1.6372161915678476,0.3976081944752443,0.18814544130556163,0.0,-0.6892597305038424,-1.509648316394011,0.7780427117697183,-3.1222836453595515,0.7623227695816348,1.674713778857456,0.21633474621420348,-0.13404333836913143,-0.2506563143488971
1752109569.0578413,0.0,0.0,1.6218669194762627,0.497902193851476,0.20732346189881995,0.0,-0.8013403934001682,-1.5256747624799696,0.8669461399398891,-3.1395424566450547,0.7332444368409401,1.6578598819918111,0.2136075849346046,-0.12942283505992055,-0.24334756712205896
1752109569.1250484,0.0,0.0,1.6075582875236711,0.4517917861266128,0.20172803473330114,0.0,-0.8011794028180991,-1.5257006447270187,0.8667672906474806,3.1413891384731745,0.7497052639133529,1.6353996120663978,0.2145757363718479,-0.12806461416403728,-0.24348334388246848
1752109569.2578094,0.0,0.0,1.5939982184540338,0.3915766213092553,0.18330831948839751,0.0,-1.2392435213863944,-1.517053032012329,1.2835567590464536,-3.1346369145338775,0.963610487311648,1.640500773255601,0.2057440491449098,-0.12830068333871036,-0.2657253613894343
1752109569.357814,0.0,0.0,1.5813398418747793,0.36912820911830924,0.18282600389585396,0.0,-1.2962765925191864,-1.537318573409987,1.3255442256226129,-3.1199662594534345,1.0399907140291784,1.616900539766685,0.18889388182113512,-0.1220749088821074,-0.2593991471589141
1752109569.457831,0.0,0.0,1.5692944132531919,0.35481780056620493,0.15694548783977727,0.0,-1.0781306094480254,-1.5348811398103672,1.0922175964194611,-3.109252218142651,1.0962019778756908,1.5961740124790533,0.17462961682799125,-0.11770506381992071,-0.2542461505727476
1752109569.5578454,0.0,0.0,1.5579449257957996,0.46392243337257405,0.22465422307788752,0.0,-1.4633960261317511,-1.530434139679986,1.4678572677548327,-3.103762157359554,1.0890044560628245,1.5952381153184396,0.16791282149479816,-0.11639371047266471,-0.25599451359065184
1752109569.6913776,0.0,0.0,1.5483572666658008,0.4626794136052714,0.22149643501634955,0.0,-1.9074757905293063,-1.5191339213575747,1.8924392209526937,-3.0948375214883432,1.2241943870009702,1.5922561543908125,0.15052375736797124,-0.11369748757425792,-0.2637428082710499
1752109569.857823,0.0,0.0,1.5401222420482605,0.3818037102585555,0.23837165035639243,0.0,-1.8419781369677048,-1.5310996942962167,1.8221322220097722,-1.5057662943496124,1.3049748284369163,1.5408138371303532,0.12154669424565358,-0.22843035601101255,-0.22012061423133122
1752109569.9578362,0.0,0.0,1.5332756657358302,0.40018575329445955,0.16426821216683687,0.0,-1.700571203511712,-1.5478367124490655,1.6743852055191035,-1.1433774891101944,1.3393178550335305,1.524680144140138,0.10597224084352247,-0.2449635067796918,-0.13509737766033067
1752109570.0245035,0.0,0.0,1.527339239651792,0.45220951370608686,0.25671358334162003,0.0,-1.3254609078347912,-1.5386612121749257,1.294336919005245,-1.5948483756010154,1.34003180479714,1.5235236081333783,0.09838672073034839,-0.21374974946869937,-0.11080407472246045
1752109570.057843,0.0,0.0,1.5227175160320163,0.42901380958926766,0.2004143433335512,0.0,-1.4421159810322026,-1.5186767165722712,1.407335133895377,-1.596364767743767,1.3385578906718927,1.521659470518339,0.09709966155261023,-0.21436316028881663,-0.10991347499351721
1752109570.1578984,0.0,0.0,1.5188977486920239,0.22649100737870384,0.11033349708534815,0.0,-1.4418308092847962,-1.5186860026870648,1.4070463952387777,-2.098091124988197,1.3807533149173308,1.5329439223266907,0.08618989221018601,-0.19838505021390931,-0.10615108554204547
1752109570.225496,0.0,0.0,1.5157915826940522,0.319944286532136,0.16112709051718255,0.0,-0.7251210840914247,-1.5330625614232418,0.6858572854924336,-2.0911140595219084,1.3774516559466945,1.525455102102699,0.0774821648611833,-0.19849196091156032,-0.09143720919667578
1752109570.3609734,0.0,0.0,1.5137467993425417,0.29586261987611256,0.11740397917040227,0.0,-1.2016120662453333,-1.5194056539713245,1.1602132500958606,-2.501139070127845,1.1261536071172376,1.5209767515269246,0.0851247104959669,-0.19860003680195665,-0.10204367813818496
1752109570.4578564,0.0,0.0,1.5123307004080582,0.7447537726857045,0.27779936285858164,0.0,-0.9153508942022214,-1.5222771794156764,0.8750346323296424,-2.594300722325797,1.1331022570826284,1.5156905233559628,0.07815695817527112,-0.18814667388717815,-0.10104513334011754
1752109570.557836,0.0,0.0,1.5115274889822934,0.2547331387078453,0.1294052181168439,0.0,-0.915325402434675,-1.5222768343206703,0.8750091368625854,-2.6844669469015674,1.096598781336725,1.5110765834606408,0.079508505005447,-0.18734894171337024,-0.10944878080430358
1752109570.6245062,0.0,0.0,1.5117950479099598,0.20884913546351527,0.09867859200137649,0.0,-1.0886655622809787,-1.536305049393034,1.0484946401847386,-2.779056674627477,1.1065321325251354,1.510929746585221,0.0782557128906336,-0.18396037864975928,-0.11560490093689756
1752109570.7249827,0.0,0.0,1.512074897961126,0.31978794145189676,0.12633332057656746,0.0,-0.20842469379621836,-1.5554987463805596,0.16948201918615058,-2.9566216315348037,1.0976223847592408,1.5105032254091382,0.0779147158929505,-0.1788437845955075,-0.12966584829026814
1752109570.857818,0.0,0.0,1.513121821833475,0.32949334539853836,0.13928850092409475,0.0,-0.2098046262355829,-1.5554815288632045,0.1708637360193594,-2.999091617727114,0.9144423894491168,1.5092558437240857,0.0865902617069499,-0.17152555527727703,-0.13633022161318986
1752109570.957883,0.0,0.0,1.5149827367572115,0.24852273072173864,0.09677124658571375,0.0,-0.912905235560707,-1.531394590891789,0.8765662092971959,-3.0594866144844675,0.7230149222688672,1.5106400092228163,0.09559786527776333,-0.15691474162493432,-0.13378093713591652
1752109571.0609813,0.0,0.0,1.5169932603958765,0.41949715336942955,0.17074447158604603,0.0,-0.8929712815010431,-1.5487177169797102,0.8583726425830337,-3.0998796145396375,0.7821004999247765,1.511336939169908,0.09828905322227849,-0.14843490644734536,-0.1367319954023476
1752109571.157841,0.0,0.0,1.5197822619628676,0.26770367102493436,0.11356854411653079,0.0,-0.892871413306764,-1.5487066513359924,0.8582759400491186,-3.118055714653482,0.8087130030355772,1.5132867846154527,0.10166395333567518,-0.14111583130906857,-0.1393371007002467
1752109571.2578595,0.0,0.0,1.5229673033532753,0.30828854575796666,0.11446406470586076,0.0,-0.8246359983877866,-1.5314071935370037,0.7939516917221003,-3.129379327566533,0.8107312321418481,1.5149850046134345,0.10124505538930263,-0.13272389182110195,-0.13706955482577368
1752109571.3578262,0.0,0.0,1.52648867781262,0.26197841077851336,0.09196933992585136,0.0,-0.467991541131134,-1.5499232634080387,0.44141355454052406,3.1386698071229855,0.674136995278786,1.5182309511311258,0.11198637699627291,-0.1260345299578824,-0.1383303125204951
1752109571.4589782,0.0,0.0,1.530635126693557,0.2548286436601037,0.07005165613894011,0.0,-1.0472901583379548,-1.5392526502029245,1.0262661580603647,3.1280543671896375,0.7312217135212038,1.5205456577982943,0.1147122147097224,-0.11862464286941865,-0.1392258258827423
1752109571.5578256,0.0,0.0,1.534610902886888,0.4111244421683625,0.16063112792134515,0.0,-0.36937177088192763,-1.5443361848021009,0.3547463434167553,3.1217759220934784,0.7722137287817629,1.5235332178260963,0.11462075033181782,-0.10898069908266064,-0.1382859638266853
1752109571.624586,0.0,0.0,1.539677801562923,0.2201920584294706,0.08216131338275902,0.0,-0.5259830729455927,-1.528052626223376,0.5156671131847796,3.118892469847781,0.7119219035552822,1.5303978274843297,0.1213516688848719,-0.10507810039474444,-0.13924176284732181
1752109571.8244786,0.0,0.0,1.5445750130507823,0.29000804594964225,0.0895199092156808,0.0,-1.1168534558635363,-1.5362570531467412,1.1207647282483792,3.1072024777490252,0.6663595160488254,1.5403310503753684,0.12534296174950782,-0.09093174455158608,-0.13202632140175752
1752109571.9244819,0.0,0.0,1.5491229126209407,0.24326275553894486,0.06750199426221433,0.0,-0.9695173615937099,-1.5347258866134728,0.9750958015386304,3.101316890977291,0.8846554932764016,1.542059067274541,0.12369119287397877,-0.08746212678108993,-0.1445597974293288
1752109572.02452,0.0,0.0,1.5528957624409192,0.22428956467448638,0.08027573932768546,0.0,-0.7004695745669927,-1.5256444714914703,0.7096839764484154,3.0969438627948813,0.8422280351761653,1.5477400056253137,0.12376851069246109,-0.08214600125308928,-0.14342621020627405
1752109572.1246035,0.0,0.0,1.5560012642777392,0.23194386630850472,0.07004965251370507,0.0,-0.869486810942399,-1.5337076492087967,0.8824137389124697,3.096039773760088,0.8494834781954378,1.5515423995180637,0.12279875783084654,-0.07615302625252261,-0.14343549326477048
1752109572.1641898,0.0,0.0,1.558906601964149,0.2250433847603872,0.0666459656999231,0.0,-1.3086622785851758,-1.5333104760055094,1.3237416084421865,3.0947884044227667,0.849112484534927,1.5497823993471902,0.12236087964984266,-0.07515091263713153,-0.14324694052974077
1752109572.2579875,0.0,0.0,1.5616968584388393,0.3242069904551386,0.09506252269359258,0.0,-0.9653189734826284,-1.5297860888458277,0.9824764975428241,3.0935723042588865,0.9214665421215953,1.555981889148315,0.11091425740469352,-0.06510174257180205,-0.13430659816659501
1752109572.3244956,0.0,0.0,1.5642089656236373,0.26158870626534736,0.07005539356190364,0.0,-0.9648110212317963,-1.5297875386457331,0.9819731170666949,3.0927487745281432,0.9284772350412939,1.558238306448831,0.11237963253938016,-0.06231434608119574,-0.14016978423978732
1752109572.4578328,0.0,0.0,1.5666616811542105,0.2408198336988224,0.06376567065195181,0.0,-0.5973157516577384,-1.5194251260402183,0.6178148824974142,3.089519149739181,0.8030050536257046,1.5607910977826505,0.12140023849404989,-0.05936011664973465,-0.14596295414701896
1752109572.5578187,0.0,0.0,1.5691457975321796,0.24277486908445034,0.06282822712965636,0.0,-0.35975038734025583,-1.5192291820776973,0.382831451167908,3.0851648229528985,0.729183839314543,1.5607860371997546,0.11931231286115081,-0.05222211908592469,-0.1358455862495643
1752109572.6578197,0.0,0.0,1.5716556726909414,0.15710427238532607,0.04874565240964814,0.0,-0.5911998939946811,-1.5254865147894638,0.6129058695693377,3.0893267278238046,0.6668069044860001,1.566240853008038,0.12365589670235831,-0.04832566368583274,-0.13265703167787246
1752109572.7604098,0.0,0.0,1.5737456587359946,0.38627868978050867,0.09115392139313554,0.0,-0.5775433592848538,-1.5184183148475494,0.6037731692209026,3.0828099525698907,0.6068031234023675,1.5690649034227788,0.12236344153111935,-0.0435599787437247,-0.12340858395493381
1752109572.8584325,0.0,0.0,1.5758810517998993,0.35201025362133637,0.08478423148999426,0.0,-0.3890018198296641,-1.5344817534911674,0.4187855705478184,3.0846262294282702,0.5976909353950893,1.5718001978777618,0.12917276490259055,-0.04065084425106696,-0.123193294519914
1752109572.9578786,0.0,0.0,1.5770433706270877,0.3015804796971864,0.06211576059997865,0.0,-0.388866639849813,-1.534473801084098,0.41865084035457845,3.08997310590354,0.54929829989444,1.5748070781507948,0.13363983263572096,-0.037637317761177326,-0.1192759375882253
1752109573.0578468,0.0,0.0,1.5782563871749304,0.27686789543639506,0.06182142081665677,0.0,-0.29692160710494125,-1.5266887182702407,0.32636529975650586,3.090255914694888,0.5179105754989962,1.5733104512419358,0.13725646839725564,-0.034022371651324504,-0.11486816487551837
1752109573.1578197,0.0,0.0,1.5799183568850121,0.28842035606614097,0.044620212308596224,0.0,-0.17168430425605677,-1.5128920656684945,0.20195083385612395,3.0888362533919356,0.4390522888621438,1.5767521236304214,0.14609568847654078,-0.03204865226289484,-0.11082997303108998
1752109573.225981,0.0,0.0,1.5814318522021371,0.2429758376549394,0.05404481133921524,0.0,-0.3431835719240662,-1.5364020330953005,0.3751895872873309,3.0913948293464593,0.3233256280828592,1.5793186273276192,0.15684845618804286,-0.029846361075271527,-0.1040591177693628
1752109573.4245238,0.0,0.0,1.5821243329111263,0.5207355327600631,0.0833934089443718,0.0,-0.018726492335638972,-1.5144934227069504,0.05419912691597947,3.0958376418347893,0.3264682649195514,1.581106262286928,0.18454101788447028,-0.028331501078624737,-0.10125416360480359
1752109573.491148,0.0,0.0,1.5825264981621638,0.4839393056360596,0.0652024487209035,0.0,-0.10915216450752123,-1.5210004882490935,0.1453328657148044,3.0931782893247473,0.23981082081082092,1.5870403470911914,0.18742562654620404,-0.026460295375493374,-0.09737252122360208
1752109573.5578227,0.0,0.0,1.5826992208415855,0.7747849759899563,0.13263992591470894,0.0,-0.10921142144529777,-1.5210070136433667,0.14539167983242382,3.092780065599645,0.1869966925428224,1.582799498298018,0.18600255314956,-0.023034417174617013,-0.08227652342297628
1752109573.624505,0.0,0.0,1.5825870756979765,0.29739396292896375,0.07332572263980065,0.0,-0.22794611062780695,-1.5287250775431036,0.26478936847026313,3.094550539812859,0.1952407058332608,1.5827091890540055,0.20358746839857414,-0.024362387180438625,-0.0807616330923845
1752109573.7273085,0.0,0.0,1.5820024395026797,0.46862140063838387,0.04985890901649621,0.0,0.018751529317686363,-1.5396824193108,0.017190981766537487,3.0993640770313426,0.1412922444471656,1.5827053569020821,0.2149396327392647,-0.025488536108591565,-0.0742520754907773
1752109573.8259811,0.0,0.0,1.5811827246243235,0.4812621124956447,0.08199044142345657,0.0,0.09283638671447275,-1.5366140904045948,-0.05507643799383837,3.098654345382201,0.07033991669389074,1.5828177401320656,0.2370337739287693,-0.024177839249649346,-0.06538278721974981
1752109573.9589999,0.0,0.0,1.580006544673868,0.5766748190347781,0.08991030097489354,0.0,-0.23881091952754355,-1.5517937652987204,0.2748530337351126,3.100943594258349,0.03132394429794739,1.5826463611097528,0.25445515041768096,-0.024546677819931386,-0.05472792163507686
1752109574.0599744,0.0,0.0,1.5790310878897975,0.592234035175215,0.06594277302051851,0.0,-0.5651093197159877,-1.5404938557297156,0.6010598388908532,3.1080836882207237,0.09116516883256011,1.5809012889366603,0.25719686738168407,-0.02402204546137923,-0.047916709330894064
1752109574.1578937,0.0,0.0,1.5775936108545816,0.869532439457175,0.14608593668080258,0.0,-0.10733951038135084,-1.5342075925046115,0.14061768111809925,3.1097249112987804,0.20287566924844966,1.5804538087216908,0.26834414206821516,-0.02274481997479081,-0.05018436298992063
1752109574.224624,0.0,0.0,1.5766978011330812,0.5039538263334292,0.06284049767364472,0.0,-0.10837905863411006,-1.5342189245263462,0.1416530855762751,3.108513618994646,0.17104554133119176,1.5785029305439073,0.28726272719074725,-0.026105139806139384,-0.05088307043692561
1752109574.3262796,0.0,0.0,1.5762088545506754,0.5101232556016653,0.06384426341572172,0.0,-0.6449099088753011,-1.532279190115357,0.6773247845078247,3.107999687108091,0.2786110059572904,1.5772980870538842,0.3105346544476956,-0.026676395024857726,-0.06011650089171758
1752109574.424497,0.0,0.0,1.575594387988902,0.5027552947874183,0.0719571582754719,0.0,-0.403834698953097,-1.5464093049751393,0.43506854100632447,3.111109801871735,0.3084191592371735,1.5765111441345543,0.32058568690256245,-0.026354521493419603,-0.06590410211327415
1752109574.5259812,0.0,0.0,1.5752400451887698,0.6147106404897363,0.08280613316108096,0.0,-0.5480035416578001,-1.5143588388755704,0.5774819103512521,3.11198665609966,0.3075868652343634,1.575906007456095,0.33340921566074694,-0.027334110484416255,-0.0714951981070216
1752109574.661699,0.0,0.0,1.575002034015481,0.6842993355368879,0.07857484013204287,0.0,-0.5795595121528233,-1.5276283475509869,0.6099037792079383,3.1033206559201743,0.41886321230589907,1.5759530314387045,0.34246557194636595,-0.026541116327382326,-0.0854148714622134
1752109574.7244956,0.0,0.0,1.574974531688462,0.6140129984822038,0.06601803637366542,0.0,-0.697878986720651,-1.5099898655881276,0.7287596626949886,3.101658513725745,0.48520970439116823,1.5750480585439854,0.33245367411609894,-0.02517738670954203,-0.09546378251478496
1752109574.82799,0.0,0.0,1.5750561560398728,0.47937467422428093,0.0527291494778141,0.0,-0.6978617406408673,-1.5100038246566223,0.7287418920910981,3.0971974986750634,0.5353319108221807,1.5747889004082725,0.35468519289858247,-0.02533206990645187,-0.11779297558255458
1752109574.957969,0.0,0.0,1.5751154239296925,0.4678607533490374,0.05123770484197352,0.0,-0.4292327888145888,-1.5203792113680186,0.45924813238086704,3.095851195247926,0.51009374131442,1.574721682955061,0.3620799663669283,-0.02413131964451115,-0.12803727524856992
1752109575.0270584,0.0,0.0,1.5753046550520182,0.649162334064117,0.06437350679159559,0.0,-1.0202958333954157,-1.5345308596346205,1.0487117002277715,3.095866237131718,0.5094238902222297,1.574937995175219,0.3545874448833945,-0.023347995791233596,-0.132898267296863
1752109575.1289759,0.0,0.0,1.575400224720585,0.6079101691210356,0.07579996286250411,0.0,-0.5504886022825826,-1.537957013523977,0.5795417088655866,3.1056371385954673,0.8030571609048769,1.5748823406087802,0.3692396074270531,-0.022830229996015586,-0.18116520731457017
1752109575.2578156,0.0,0.0,1.5757096230663319,0.6702176148713573,0.0775195240750404,0.0,-0.41319651236467564,-1.5229970037200977,0.447108792632677,3.106066196564414,0.7624785233744621,1.5731733909211285,0.3693718904701915,-0.022895842461326154,-0.19730470469019057
1752109575.36041,0.0,0.0,1.576017352715966,1.0411523864981806,0.1156693066483326,0.0,-0.13363422209859216,-1.5173197623194554,0.17004692091454532,3.0994631564557045,0.7163881074338175,1.5687132940906097,0.3592641219013475,-0.022366973168975207,-0.20179338982845307
1752109575.4245324,0.0,0.0,1.5759745254630695,0.5105467874045593,0.06770756189668858,0.0,-0.1338541836664896,-1.5173239319567402,0.1702666442996885,3.0971107506277686,0.5444452469604358,1.5762284948268717,0.3635402346355999,-0.023134165287940364,-0.19575891413049773
1752109575.5245543,0.0,0.0,1.575578219565205,0.4812525695765522,0.05978242844682169,0.0,-0.3790317355663656,-1.5275182845148023,0.4148689504724613,3.098082597754086,0.522962504348437,1.5759510475246454,0.3834787886419818,-0.025252803060978993,-0.20866078122024434
1752109575.657803,0.0,0.0,1.575183451203596,0.47453780853640537,0.030640966294480213,0.0,-0.932822156691611,-1.5158416836956399,0.9674681567156552,3.095528535853078,0.5816724216662932,1.5764179179247344,0.3827677357286063,-0.024768723410522216,-0.21766622078528688
1752109575.7258437,0.0,0.0,1.5749290137748144,0.4410512401735178,0.05437463067638007,0.0,-0.8741745192261932,-1.5305516742886691,0.9085815310765114,3.092579971742202,0.7871666455209695,1.5752802940637887,0.3549175652117007,-0.020657330076061887,-0.23294761957727997
1752109575.8259823,0.0,0.0,1.5748003537666486,0.5187532206172507,0.03961607095782503,0.0,-0.6200039363688146,-1.5190876948737264,0.6544156595373477,3.0951775359982427,0.7985168176018301,1.5746075908150683,0.3613627677458679,-0.021455833226024866,-0.25304154277662216
1752109575.9269745,0.0,0.0,1.5742294980224267,0.6060634512437983,0.06806331003770363,0.0,-0.8918336287251478,-1.5189524179844927,0.9254877220403932,3.0946525031979064,0.7465990953164584,1.5758267161566053,0.3545164723380346,-0.01930984278511312,-0.2494138403901971
1752109576.0244842,0.0,0.0,1.5737692375038894,0.48021351109689536,0.04603942316196094,0.0,-0.8918638242644148,-1.5189538400532443,0.9255177691135188,3.0945132781054925,0.7671379669061895,1.5749622716538891,0.3488459371147398,-0.019093196167310682,-0.25711499587360587
1752109576.1244826,0.0,0.0,1.5733589219222177,0.4230244600725058,0.03631319085344311,0.0,-1.0214742700820123,-1.5349603632400322,1.053033337915805,3.095085804134177,0.7671899530719354,1.5745209514274061,0.341283992497833,-0.017989502375965943,-0.2588140386891716
1752109576.224482,0.0,0.0,1.572669190334772,0.6305791710764566,0.07127645731058323,0.0,-0.5712213103804624,-1.5309816641792315,0.602413959619344,3.1046327292169558,0.9703357226282827,1.5742808234623695,0.31920638281680713,-0.01620774113463963,-0.28392596731696856
1752109576.3309748,0.0,0.0,1.5719885139720078,0.4216617355158421,0.044323636750758885,0.0,-0.8338857603664935,-1.538258632359142,0.8641404270763609,3.1054860979388135,0.92514978470082,1.5737892788560526,0.310996881567896,-0.016299719302695866,-0.2848802610298814
1752109576.4599779,0.0,0.0,1.5714358910041741,0.4697307438199824,0.03900486437507612,0.0,-0.4071408164880962,-1.5286810871074712,0.4370100086149499,3.1088489442408305,0.8862648526597091,1.573525025562399,0.3011522770340749,-0.015722492414231553,-0.2818763545842369
1752109576.6252122,0.0,0.0,1.5706685125103552,0.7937366807118305,0.07667551537389895,0.0,-1.0620461290639074,-1.5175581077685223,1.0902870505632714,3.108367819012395,0.7545701072254916,1.5713043320871838,0.28693775862968895,-0.014753333530855454,-0.2589864263571642
1752109576.7244918,0.0,0.0,1.5697971145442067,0.37545696648709564,0.040179455464821434,0.0,-1.0064115430329865,-1.5232424373103086,1.0345066691210538,3.1023887421424163,0.8790416902018314,1.5711567013369359,0.282984580414705,-0.014472933950843184,-0.27805031491127574
1752109576.757847,0.0,0.0,1.5690220098732741,0.37779114239647327,0.022338925161054193,0.0,-0.6881181205165701,-1.5240174443125678,0.7157753346275157,3.102930236944803,0.8789510706706213,1.5716130859537172,0.2831727029687988,-0.01407929636818262,-0.27928469100590253
1752109576.8627274,0.0,0.0,1.5679649001620128,0.4454665845795969,0.06165877000858934,0.0,-0.45893402687535473,-1.5388065687091206,0.48533657844769107,3.1017596749216345,0.8192229792333546,1.57033221936937,0.26848252820140334,-0.011633171883007307,-0.26185213043447797
1752109576.9609938,0.0,0.0,1.5674789683772936,0.48867764683702075,0.0395913232575043,0.0,-0.9471023333502946,-1.5421816613919688,0.9723555331946478,3.1053934056992984,0.6848920164045902,1.5687839494354785,0.26812781444896616,-0.013325364706265852,-0.24636253776410388
1752109577.0244908,0.0,0.0,1.5668008073213924,0.41142666836745906,0.029326847634866916,0.0,-0.9471246968753675,-1.5421804442182898,0.9723778016021252,3.1073922803276783,0.7156071397123515,1.5683516703879787,0.2644386717601072,-0.013162617195541,-0.2453950293196777
1752109577.1639726,0.0,0.0,1.5665758082276258,0.4460947508910078,0.052639048071035276,0.0,-0.9557186464359628,-1.5222875244330885,0.9814070898005907,3.1045612696238347,0.7684097477883673,1.5663993706097692,0.2678143215710787,-0.01196898333980915,-0.25853070502697495
1752109577.2578018,0.0,0.0,1.567143912538924,0.32424164862377364,0.022876254425786325,0.0,-0.6693146360811845,-1.5073495905669232,0.6953907558847503,3.0958522495518377,0.7358157773562708,1.5659489806749796,0.2507804356533859,-0.011468865640625658,-0.23761846749278104
1752109577.3247645,0.0,0.0,1.5682274773751284,0.4735191062852333,0.04263788316848961,0.0,-0.5789099809529746,-1.5168332504152873,0.6054763402894915,3.093663036646679,0.6956283379924852,1.565902015452804,0.2448529827916427,-0.010457127085014561,-0.22637297993046132
1752109577.4259853,0.0,0.0,1.5698842980518606,0.34489950842818856,0.023232761150338125,0.0,-0.9988213617859392,-1.5170892428574372,1.029150009001212,3.0865217811811245,0.7536164980569705,1.5660820672081022,0.2549302491029779,-0.010587931980601754,-0.2443943816623819
1752109577.5244973,0.0,0.0,1.5724501263685664,0.4322899855823778,0.03669365001518171,0.0,-1.0882402115606866,-1.5302434714533286,1.1218210317012105,3.084803521800672,0.7868256695062277,1.5671219788079456,0.24577721046775863,-0.009151892662776282,-0.2407386944294402
1752109577.724523,0.0,0.0,1.5753782640992338,0.7749233235566237,0.0866638901029777,0.0,-0.6867672077996702,-1.5122749189201428,0.7257104411294654,3.0815071466976676,0.8573935457467957,1.572022261375895,0.21938942891227634,-0.008338152800656423,-0.22813560948050124
1752109577.8578382,0.0,0.0,1.5791181850476612,0.35893840761553775,0.020154154090155165,0.0,-0.6953739145282473,-1.518406871430244,0.7358949980838002,3.0792458265246463,0.7819014834384662,1.5725460319755151,0.22695467362098296,-0.007062097161612759,-0.2332788044687164
1752109577.9245048,0.0,0.0,1.5830971072727273,0.38841724238111136,0.02232217466438544,0.0,-0.781638402869999,-1.5287408880881077,0.8262261682112877,3.084784588252421,0.7812331485923182,1.578862580254809,0.21356947418391176,-0.006260284977244321,-0.21863658358813412
1752109578.0289774,0.0,0.0,1.5877747064863803,0.3093045940396243,0.012510737284724606,0.0,-0.39375630854967575,-1.541583330691938,0.4442570597709913,3.0893757094229697,0.6688867720144281,1.581052502927789,0.22428766935555236,-0.005497044679993035,-0.21871145586241603
1752109578.1244836,0.0,0.0,1.5926500055844974,0.4145418436486952,0.03580845503005525,0.0,-0.6075298068085236,-1.526297924876394,0.6628394536572212,3.0866370682533653,0.6607239428496938,1.586280347428172,0.2192222458892182,-0.005542985022587827,-0.20985367137947233
1752109578.1960187,0.0,0.0,1.597810559740648,0.5342824984293137,0.03759266297648252,0.0,-1.160692575952127,-1.5289946825931822,1.2247344698891667,3.0838798074117078,0.6600005673838437,1.593046407724322,0.21803841506590846,-0.005375849752277924,-0.20533406710717372
1752109578.3249779,0.0,0.0,1.603454992394488,0.31193219290126284,0.007849543132722115,0.0,-1.0260490172966503,-1.5293494658195153,1.092470633371534,3.0837798303885915,0.941193318880078,1.5908197619012747,0.20581274242158065,-0.0033958301675892904,-0.22540133077832086
1752109578.4279766,0.0,0.0,1.609408191297701,0.30877753720053625,0.003140967200933024,0.0,-0.8300364767272281,-1.518486927272437,0.9023321994831668,3.075559185077589,0.9281251115992515,1.5978458515864618,0.19096401788195114,-0.0010405111584163712,-0.21280745234041223
1752109578.5246375,0.0,0.0,1.615675316096515,0.44408385987603144,0.0057071132637761335,0.0,-0.8826230867058659,-1.5327869723324514,0.9621241711134507,3.0710477965965923,0.9207763172390475,1.6047828503673833,0.18418265011136103,0.0009281597795523989,-0.21068578627434953
1752109578.6609755,0.0,0.0,1.6225730392187543,0.4165958377833854,0.017067755053095504,0.0,-0.3639611075559747,-1.53417089565642,0.450594641750606,3.066686653412952,0.8371364840440052,1.6081877012192949,0.18146903393322278,0.0021478136372441604,-0.20502057588825745
1752109578.7244992,0.0,0.0,1.6298022000323058,0.7098852780606962,0.002268720224124628,0.0,-0.8082711549025986,-1.535413473868352,0.9026076953961626,3.0714429609854523,0.8288865876460878,1.62265135075132,0.17162343228395865,0.003336781964212365,-0.19292864574874433
1752109578.857814,0.0,0.0,1.637636047402801,0.42138058235262604,-0.0030005555212966563,0.0,-0.7689981861517148,-1.512465476313907,0.8726509748354621,3.0634320239538386,0.8165689031024828,1.622647250278842,0.17560997979132978,0.006052536243998519,-0.20006283158257504
1752109578.9244807,0.0,0.0,1.6455157000839757,0.29986879437435543,-0.010084553236754105,0.0,-0.8483024087989814,-1.521588345465697,0.9576523922156709,3.0621934620285645,0.8205355497919795,1.637207878556912,0.162268329997707,0.007595568863235503,-0.18406420120494726
1752109579.0256724,0.0,0.0,1.6535610889564578,0.36801288439205254,0.005270203535832765,0.0,-1.0147158601766075,-1.5316546226397967,1.1323073056595139,3.064235302940258,0.8843240820678746,1.639580494669146,0.16542341360552582,0.008800880903062427,-0.19862834546006983
1752109579.1245039,0.0,0.0,1.661776940964251,0.33074887899924327,-0.0031042948881539966,0.0,-1.106560751773253,-1.5399292373010591,1.2364110944693678,3.068318692021183,0.964999595822727,1.6467185981142496,0.15692815819780692,0.009840493820568572,-0.20173926679857415
1752109579.1582885,0.0,0.0,1.6697724935072285,0.30557830656044094,-0.014122446474578556,0.0,-0.4977289445980722,-1.5410138550625594,0.6371391535525207,3.0642279062386226,0.9647021225492262,1.6415825971607005,0.15597529743144423,0.0102294941507154,-0.2016805534080364
1752109579.3019755,0.0,0.0,1.677299947036016,0.9196496252068445,-0.006484470278896479,0.0,-0.34998380057731004,-1.5176543360990626,0.4994079777147434,3.058830282519591,0.8958961035726781,1.653571376368341,0.15470353364835918,0.013432298093935535,-0.2005575513147753
1752109579.357813,0.0,0.0,1.684540226864397,0.23576901710011183,-0.01298698282840647,0.0,-0.3502543656103799,-1.5176611876672954,0.4996934354558162,3.07246420392347,0.6569886652860455,1.78184408236662,0.1628542765542684,0.013560900098591337,-0.1914068194224963
1752109579.4282746,0.0,0.0,1.6918142950196142,0.38538032495374946,-0.02258102109495127,0.0,-0.760680762891862,-1.5281145162503917,0.9200651647742809,3.0770367647812993,0.5803632988868022,1.6788448771105884,0.15644087763761733,0.013620431126723717,-0.1628604766453352
1752109579.5580378,0.0,0.0,1.6983717338294664,0.35472005057855743,-0.02033091377554165,0.0,-0.4685267429350976,-1.5178814304295687,0.6353408164411447,3.077152660013292,0.6300380337172677,1.680292653800675,0.16369068064199488,0.016663891277752772,-0.1671818278978816
1752109579.66198,0.0,0.0,1.7051642469500525,0.46680285400419036,-0.017201985339198145,0.0,-0.23661652263018101,-1.5085392843292775,0.41001536557664087,3.074833849821765,0.6090522963647591,1.6895589460203748,0.15869593401995558,0.018006045862998633,-0.1541926251342968
1752109579.724496,0.0,0.0,1.7114363058081905,0.29202136002178847,-0.02615200495013752,0.0,-0.2367409665723279,-1.5085504118604005,0.41014554945167325,3.074560408910436,0.5014327470660596,1.7007410577185116,0.16352821604809764,0.01837580923889479,-0.1436901085862046
1752109579.8244996,0.0,0.0,1.7179137489139946,0.2488712527238709,-0.011855820368256215,0.0,-0.747822567454227,-1.511159854032342,0.9314107416862871,3.0712365717238512,0.5003988253904171,1.704365707349828,0.17353533228342305,0.02158040312447386,-0.14444204172468764
1752109579.9578276,0.0,0.0,1.7238633516286652,0.3151996744562519,-0.03222823482403143,0.0,-0.702668524884515,-1.516598773690709,0.8886429613181247,3.0698814514615274,0.5600971494778707,1.7081629499497175,0.16723166223375166,0.022560040567604814,-0.1377479100524878
1752109580.0247087,0.0,0.0,1.7298046170893848,0.2645951556649948,-0.027987877522073552,0.0,-0.43914824390679147,-1.5260740879045893,0.6310052889621844,3.078174826173285,0.5133027154496234,1.7193068014538058,0.164460400547037,0.023191523571786186,-0.1259193382153518
1752109580.1649868,0.0,0.0,1.7358371994657205,0.34521815417689655,-0.044065997677124005,0.0,-0.49848431904265594,-1.523833054048335,0.7025348937604226,3.083125503972518,0.5512343219035842,1.720141630801404,0.16988995823847247,0.026367415440007935,-0.1275588783790446
1752109580.2245047,0.0,0.0,1.741719082288105,0.46475293981465965,-0.04070552878398034,0.0,-0.35975409633997346,-1.5044286623468146,0.5700582139205479,3.082973846876854,0.5433985773620504,1.7317648715694407,0.16184376264970401,0.026768383580837826,-0.11633277550238373
1752109580.328113,0.0,0.0,1.747595142057338,0.2204446458798834,-0.03981228777035039,0.0,-0.35977950943449233,-1.504431857763138,0.5700851618598902,3.0783509197498686,0.494170903987718,1.7348485314160484,0.17290544983592043,0.02931583255961573,-0.11736417181729233
1752109580.4578245,0.0,0.0,1.753229128348047,0.3097769794402295,-0.017899178597067803,0.0,-0.5063590264463568,-1.5180623536076574,0.7236730049341333,3.0770798950885547,0.4958051483071447,1.7392916138870371,0.16631445774736459,0.03143483332492247,-0.10787429379730591
1752109580.5279784,0.0,0.0,1.7589057161623434,0.3098358855260601,-0.03786823687283939,0.0,-0.8977886066233659,-1.5324245355616548,1.1246104978273244,3.079818431337058,0.5176244599304299,1.7487563567824949,0.16362641401172867,0.030104204892304438,-0.10342976756276667
1752109580.6289804,0.0,0.0,1.7644197784236977,0.3681052902278106,-0.04726873441059026,0.0,-0.7400697605239194,-1.536042590436272,0.9726158887587317,3.082147785761048,0.6169406596045218,1.751947653404199,0.1665774292589942,0.0326746036305195,-0.10963864801135416
1752109580.7579176,0.0,0.0,1.7698219935106654,0.4592346532449273,-0.03697417769576577,0.0,-1.0913778273123758,-1.5343385474145377,1.3289227862899684,3.08095807224424,0.6329702592278237,1.7558526527812583,0.16504864156358087,0.034575086622146596,-0.10886303388112754
1752109580.8609958,0.0,0.0,1.7751069350398971,0.2597129444583997,-0.05225467349848007,0.0,-1.0913246333856534,-1.5343390245676485,1.32887020911862,3.0803706914378868,0.7059643577714251,1.7627306224104098,0.15508458882794568,0.03353831445559607,-0.10664871284812186
1752109580.9578125,0.0,0.0,1.7806379191625505,0.4747097051485897,-0.05120503012409873,0.0,-0.4125894248550203,-1.5267613467266865,0.6585696467269873,3.087214201679796,0.5507328723017269,1.7690568015712993,0.1537178957157156,0.034501244961554024,-0.0941992833024886
1752109581.0244834,0.0,0.0,1.7857846527061336,0.32791486063954856,-0.04206188155807455,0.0,-0.5379986928941719,-1.530360578355696,0.7866484494362768,3.08707576587632,0.5484019190491605,1.7764648263850655,0.15885329667835787,0.035190124550711806,-0.09648032818559431
1752109581.1578283,0.0,0.0,1.7910151122661557,0.2626280858634461,-0.026850592126876054,0.0,-0.8442867920280568,-1.5185090546473707,1.0979663157842436,3.0825962689719164,0.6467682589634316,1.7763441540999878,0.1619808304652732,0.037984872583123254,-0.10334290623962744
1752109581.2269897,0.0,0.0,1.7959823137236028,0.2834716200590846,-0.05056028191232861,0.0,-0.7353117039506252,-1.5263576101694407,0.9984831231696184,3.084920262108941,0.577591256547742,1.7868857644310017,0.15652173652042084,0.036085139817789706,-0.09588223317526563
1752109581.4244967,0.0,0.0,1.8009609677944558,0.21173636879661975,-0.03714163782806233,0.0,0.24421118225468344,-1.536550828612278,0.04032440292845267,3.0820788637653127,0.6230505494844055,1.7948050342231243,0.15416937960431326,0.03934231261013708,-0.09604159907606656
1752109581.6244802,0.0,0.0,1.809313388225987,0.4442737820929813,-0.057723281308512266,0.0,-0.20365144048085024,-1.5300112128875019,0.49339061579829113,3.0975661110701447,0.20306016664891313,1.7985752447228192,0.17904166427178725,0.04193942061284977,-0.08800945273056839
1752109581.726994,0.0,0.0,1.8133032860670428,0.3105258572000308,-0.018872773320594845,0.0,-0.1177371668187538,-1.5422334569563931,0.41205943673801754,3.1027820421000865,0.17154123052730563,1.8099520029847858,0.17883546049840315,0.03767386652415552,-0.07174113866004599
1752109581.824527,0.0,0.0,1.8164626380332738,0.3578171931445747,-0.028985338374671377,0.0,0.13697562394224425,-1.5545300169548801,0.15975078775647297,3.1077949980063675,0.10178806353820359,1.813507050395316,0.18814796863479086,0.03663121540292486,-0.06212599034710626
1752109581.9244916,0.0,0.0,1.8195851429184293,0.4028043265490339,-0.04908338431767143,0.0,-0.03159678184216622,-1.5398077851729681,0.33156401084318626,3.109286716496902,0.08979973088874971,1.8169151751339154,0.19018529544628807,0.03635139803640884,-0.05315763092330151
1752109581.9940612,0.0,0.0,1.8223346844794381,0.5142496173146149,-0.019066096220589142,0.0,-0.3511080106435042,-1.5187000764717085,0.6542814314237988,3.11000613563613,0.08908959344912627,1.8204758456959065,0.20644868776151298,0.034305961817080226,-0.04741790623426928
1752109582.0578277,0.0,0.0,1.8250173408047075,0.38343710279375526,-0.018103914519758065,0.0,-0.397743088832345,-1.526847028483374,0.7015170701178195,3.1003120545776195,0.20425403947368717,1.8948680661827066,0.2048949169169628,0.0350967274351854,-0.05004266668897583
1752109582.1609755,0.0,0.0,1.827563110883884,0.465219481165096,-0.030333128289813053,0.0,-0.6335479591238248,-1.5362999671137798,0.9392747820961145,3.0994038332588527,0.2506255881230586,1.8220149468073825,0.20858486544757462,0.03343898241474226,-0.04795371071014326
1752109582.2245142,0.0,0.0,1.830259853091022,0.4847238637675621,-0.01945118758716524,0.0,-0.4721986408816282,-1.521862571778777,0.7808147389669694,3.1004899505745396,0.29901855718157666,1.8257030484498609,0.21540645752268492,0.03251333438631854,-0.051239772065973854
1752109582.3244827,0.0,0.0,1.832147812818042,0.4449846207572108,-0.031791464887877124,0.0,-0.47232631627445737,-1.5218850260408014,0.780946485833793,3.097643846386262,0.3503624859887325,1.8277199653811296,0.22580603814273162,0.032322680768463175,-0.056231604459760505
1752109582.457836,0.0,0.0,1.8343152554005813,0.3636992500936261,-0.009888017153982222,0.0,-0.6274157812775647,-1.5313288617057075,0.9374940188736055,3.098298212103561,0.43497143169723007,1.8291451606316862,0.24105916491354307,0.03336968935541738,-0.06739281711241514
1752109582.5244749,0.0,0.0,1.8362102833925522,0.5398156420132924,-0.0164956385618178,0.0,-0.08465518323603287,-1.5505873619209207,0.39755108341398443,3.097917493500538,0.43432185208553253,1.8328192767882288,0.23791268120401718,0.03037121103296089,-0.07066762858558953
1752109582.6244717,0.0,0.0,1.8379241116099052,0.36923921738222265,-0.008495141001202456,0.0,-0.30925342391441096,-1.5455214009784177,0.6228938561470125,3.10848083325258,0.299382769549295,1.8343545082716266,0.2580888228548094,0.029873191065866257,-0.07217097175819702
1752109582.7244904,0.0,0.0,1.8395285800431165,0.46199660589300984,-0.0011099152291570646,0.0,-0.3014377301054988,-1.5294730904612064,0.6162065338278641,3.105759897219711,0.2991055867499175,1.8361389938951334,0.26056150319879406,0.027976614135334043,-0.07123697526142393
1752109582.827027,0.0,0.0,1.8410817162874944,0.40539247483314983,-0.006095072458029621,0.0,-0.7645139716863271,-1.526120023737142,1.0805341936341522,3.1031762695394756,0.41928442004337185,1.837973318609805,0.27002452104092617,0.02595641505152951,-0.0814979405243072
1752109582.9604914,0.0,0.0,1.842790352398881,0.5148321526690176,-0.004970272347843694,0.0,-0.3692486875093929,-1.5271305076962818,0.6865580532857721,3.1005499569825616,0.39397361016589555,1.8389094760134663,0.2753677796934949,0.024373665862418528,-0.08394822570236687
1752109583.0245395,0.0,0.0,1.8445696084820102,0.4098325077802826,-0.025763563232749708,0.0,0.05218099640605012,-1.503685465146716,0.2706640529155602,3.1004746685943463,0.39328303737888515,1.8417510051301473,0.2680873096847373,0.021732189509806762,-0.08366266894329204
1752109583.2244754,0.0,0.0,1.8459530598328546,0.4421118479029008,-0.03321056798117794,0.0,-0.2201877736377335,-1.5103055967959322,0.5442214518947059,3.0880789551813432,0.19891443286183552,1.8423092056419248,0.304678003877957,0.024537738077243725,-0.08386648795006775
1752109583.3244872,0.0,0.0,1.847593907235961,0.38637575383266887,0.0013196696723052459,0.0,-0.46805398018496486,-1.5164742866709289,0.7927809171093066,3.087791761073472,0.3130952341466369,1.8457653385970536,0.2913132905888021,0.021591689886551135,-0.08088167372851607
1752109583.424482,0.0,0.0,1.849126468624869,0.3768863098416761,-0.015219106897126704,0.0,-0.780828095657292,-1.5094318279206427,1.1065892669707047,3.086932347498948,0.37783935196105173,1.8470784579196196,0.290828492379041,0.021279314190271008,-0.08457684373231927
1752109583.457824,0.0,0.0,1.8508920364111627,0.23514939495526055,-0.0058349987761077285,0.0,-0.764419517432984,-1.5224721681473512,1.0922000289247578,3.087000081984309,0.37784612173728543,1.8463955672756112,0.2916804354569422,0.021312369705126125,-0.0842352434905101
1752109583.5259798,0.0,0.0,1.8524199742336966,0.4956851390694321,-0.02841829304342136,0.0,-1.0835330942973793,-1.5382111757711339,1.4135254635479395,3.089750134736999,0.5632737702399758,1.8498245630691104,0.26805440801783625,0.019760853185760565,-0.09194432584758788
1752109583.6578104,0.0,0.0,1.8539280943982899,0.46929584627223614,-0.012359802324586694,0.0,-1.3202970489057204,-1.5418273530315245,1.6510248822456501,3.0913731006894922,0.6694776279666126,1.8474021945843564,0.2803834495470471,0.02188893734166062,-0.11499881145669578
1752109583.7244844,0.0,0.0,1.8554314704828077,0.5344188663312794,-0.004391843071805375,0.0,-0.9902134402235966,-1.5331329900936634,1.3217199836782827,3.0947933077947454,0.8177399665765038,1.851035498382311,0.2638269741652397,0.020850800105169615,-0.12825577057746881
1752109583.824481,0.0,0.0,1.8568704011061883,0.2938890942379086,-0.021464792269657956,0.0,-0.9899795543037903,-1.5331512597042531,1.321487533073436,3.0960285912972694,0.8582069339785162,1.8534060116100846,0.2666261754121698,0.020732356849040224,-0.1485960231706393
1752109583.9578135,0.0,0.0,1.8574809012568738,0.4366886568517987,-0.004744245724248933,0.0,-0.10009294804021808,-1.5426818508955238,0.4344036762493584,3.0999547718455602,0.70893748477002,1.865787335226009,0.25968897570603533,0.02086686900699336,-0.14440670442322914
1752109584.0583236,0.0,0.0,1.8571869559037162,0.5225590240644458,0.005384741548989658,0.0,0.27906854211055926,-1.547588173517067,0.05711765739432937,3.110149482565646,0.2453777115742426,1.8576493781865715,0.26796240260530935,0.017653101032380276,-0.11431216262413392
1752109584.1609702,0.0,0.0,1.855494910133175,0.5008106444264592,-0.009102572941077606,0.0,-0.793356514974568,-1.5431037506931131,1.130586338422712,3.112418054371159,0.385670997131491,1.8591633207559637,0.27297256789790564,0.015740440305045223,-0.1208358858381717
1752109584.258984,0.0,0.0,1.852923130654848,0.4797963901999044,0.011349235960178044,0.0,-0.6331471741179207,-1.5405018520669742,0.9692488155633887,3.114109506044427,0.4469224351822758,1.8578851043893019,0.2785807576758693,0.015131006998051021,-0.12692731116435915
1752109584.3245203,0.0,0.0,1.8487725435882016,0.5784214031077981,0.033245179309869345,0.0,-1.1836237014309896,-1.5442118515689516,1.516264061139353,3.116867636436961,0.5397764154249169,1.8562137836906203,0.281235380855902,0.013053864793779712,-0.13743217316273634
1752109584.3911517,0.0,0.0,1.842816025033806,0.5060272043940645,0.017640469062575312,0.0,-0.46632926803309527,-1.553330218518391,0.7901356668539624,3.1192832903847734,0.5386072930883845,1.8521130056738944,0.29874252383187366,0.009975894224545319,-0.1522845732213387
1752109584.5244713,0.0,0.0,1.8354870424836276,0.3214299867527186,0.02572480502300196,0.0,-1.0326448351682005,-1.5629741268545694,1.351251901801272,3.1321304840853585,0.7320516928347688,1.848933130558279,0.2878399450504313,0.007472938035932775,-0.17079475016031928
1752109584.6586723,0.0,0.0,1.8265163145314247,0.8294442815977575,0.015261717381624558,0.0,-0.9113034844595419,-1.5292964293563511,1.2170124222224135,3.141500101924139,0.7291552447775744,1.847766105483874,0.2906578699055475,0.004137700041360422,-0.18168574082557284
1752109584.7245681,0.0,0.0,1.8162012371967393,0.5738479227109767,0.06343044898388213,0.0,-0.9320222468690095,-1.5225468252813639,1.2344362947937966,3.1364116655444967,0.7823525305367716,1.8345880935021917,0.2814269119612972,0.0030961198357110234,-0.19244394261959302
1752109584.825157,0.0,0.0,1.8051019814847102,0.3014794662106025,0.03658636027859116,0.0,-1.1880255268497317,-1.5235368284575777,1.480819967814895,3.137875488344749,0.9342877262238396,1.835527833390866,0.28161668370270343,-0.0005439535546115458,-0.22342437226070547
1752109584.9262004,0.0,0.0,1.792856513722137,0.5463066575229922,0.023942037016540966,0.0,-0.6393313263231226,-1.5215935353836123,0.9089073853748975,-3.1392725995344666,0.8952020142549787,1.8248012841660668,0.270851408472419,-0.003978594339364765,-0.2208572680572589
1752109585.0245469,0.0,0.0,1.7796732458602078,0.5117547088831337,0.054805874591295344,0.0,-0.8937654452299163,-1.5275223624896805,1.1513812259362104,-3.137979188544838,0.8317679641196609,1.812850591865396,0.27115424943633715,-0.005258239586503421,-0.2286741224348105
1752109585.1244833,0.0,0.0,1.7660402407493512,0.6644639864108913,0.07965592423891658,0.0,-1.323935391658472,-1.5163472005639294,1.5587767863490496,-3.1366187544610833,0.8525791722574056,1.8014022968002001,0.2647798967507188,-0.008116321647734992,-0.23424907711870613
1752109585.257808,0.0,0.0,1.7524013837412735,0.5407050860094097,0.05615854588059815,0.0,-1.1914108954438465,-1.525574336597667,1.4169728880642407,-3.1214167947231015,0.9717235964887284,1.7993288019577927,0.25442427454118927,-0.011462343854047088,-0.24980501142915318
1752109585.3578568,0.0,0.0,1.737972000634424,0.575383275177171,0.10389430684985014,0.0,-0.8032622626911592,-1.5328711185163568,1.0151768428333066,-3.113422722327619,1.0310459671100338,1.780341390106738,0.23109362326826174,-0.01248033507688073,-0.24253641991924865
1752109585.424489,0.0,0.0,1.7231773382766784,0.45047536808346816,0.06054533699614363,0.0,-0.8033510495481768,-1.532869863343686,1.0152618580702986,-3.1164424636058103,0.9743906347640419,1.7555835278099212,0.2290608113764779,-0.018867884922964255,-0.24951431994903794
1752109585.524489,0.0,0.0,1.707956753279266,0.5517391246623571,0.09566379776741046,0.0,-0.2430541091767082,-1.5334231932594005,0.43775628625866725,-3.124583658432163,0.781109429598377,1.7447160195872649,0.2448319097716375,-0.02390065346439153,-0.25611680926799646
1752109585.657973,0.0,0.0,1.692522551616737,0.5832478859409167,0.10579912792165656,0.0,-0.6626026321424997,-1.536774399112843,0.8423267994014858,-3.119544983905791,0.7472209535192063,1.7359238449813654,0.24739050339715615,-0.02927676313006106,-0.25786181833599364
1752109585.8244762,0.0,0.0,1.6766857957892716,0.6409024146196406,0.12881994107440994,0.0,-1.0877463943605057,-1.537045256091058,1.235408942321488,-3.1010819589495706,0.9426434246466713,1.7295727594014079,0.23911528191618997,-0.03627700573467434,-0.2774648361893961
1752109585.9269652,0.0,0.0,1.660038576543414,0.4830013358005048,0.11346955375512266,0.0,-1.028253439922438,-1.5523508835677995,1.1620211059411854,-3.0969604093739225,0.9725841150441417,1.6911028553808327,0.22788380857897556,-0.04312409259842333,-0.2794943874855508
1752109586.0244856,0.0,0.0,1.64368809637843,0.40831198843107447,0.0993442684005142,0.0,0.8512208732056479,-1.5581157971579416,-0.7385190653799792,-3.1052673905202686,0.6589063358637537,1.6647141658051556,0.24090951650719994,-0.049840019251887135,-0.26109365024655373
1752109586.0599759,0.0,0.0,1.6267664538922029,0.46726782503127723,0.10107488302584385,0.0,0.005649699217912122,-1.5513713509990057,0.09124500641147984,-3.100459749310967,0.6587730322657218,1.6723636579007837,0.24085508037685655,-0.05052897178993913,-0.2622719332386313
1752109586.1590257,0.0,0.0,1.6099453081754116,0.6003971314968995,0.11369086598586746,0.0,0.1385172743800363,-1.5383297138697054,-0.05515796775061718,-3.120296600133598,0.41833687656869095,1.645285439322278,0.2517083928343718,-0.05364981154517879,-0.23234694487230292
1752109586.2578757,0.0,0.0,1.5939492567055855,0.5860565197394567,0.12671442594551122,0.0,0.1386194718384568,-1.5383351254859947,-0.05526767785784451,-3.136470154729201,0.2339056864958846,1.6261288445344937,0.2746419740960443,-0.05724465843527217,-0.21165641663957394
1752109586.4244857,0.0,0.0,1.5785112530015355,0.7225853819456207,0.16394375756264123,0.0,-0.9772205145744604,-1.553662171469474,1.0278421174830392,-3.1329707838658507,0.3551571232590871,1.6133379527594034,0.30239435315120444,-0.06758861438725651,-0.21233315360091357
1752109586.5269885,0.0,0.0,1.5639324884716779,0.4901500948342462,0.10767516930259724,0.0,-0.5259097341984779,-1.5411120330652601,0.5619064412002469,-3.1391938589231563,0.4156050826986166,1.578799560411647,0.30698123805375976,-0.07123014196895855,-0.20051258836308847
1752109586.624504,0.0,0.0,1.5499935521842145,0.611687220158289,0.13439071843986466,0.0,-0.21230186460990047,-1.533251268056804,0.23643238735500516,3.1363723397964343,0.3497961283008429,1.5641016197852944,0.31744506696045516,-0.07455238553644149,-0.19081967924219495
1752109586.6598227,0.0,0.0,1.5366706505554366,0.7269327643893676,0.14763343515170185,0.0,-0.47577569633288896,-1.5457717092672119,0.48340511558551996,3.1383320090484474,0.34957663750101675,1.5692091601299227,0.31823600339862107,-0.07539045980078421,-0.1909722160283144
1752109586.7949784,0.0,0.0,1.523923155339442,0.8607889870839912,0.19832859900832636,0.0,-0.4759457248963101,-1.5457746267042531,0.4835606843739679,3.1391353327715166,0.3926471065585062,1.5487905765114816,0.340510192251688,-0.082074287801348,-0.19135201464367305
1752109586.927975,0.0,0.0,1.5115688113365435,0.5304003632969143,0.12529266845411963,0.0,-0.8623912024242689,-1.5480947865922836,0.8433331936887932,3.1415309277153884,0.5615163132208618,1.5301733672093398,0.35112152033860977,-0.08866738816725167,-0.20459191224514547
1752109587.0299773,0.0,0.0,1.5000129056547526,0.5755269590105311,0.11351381421303158,0.0,-0.5503004954957315,-1.5331183052168977,0.5210545897935912,3.137058696314506,0.5575317239118116,1.5134613423232994,0.3450762434866863,-0.08745075880682476,-0.20102742841539223
1752109587.1257956,0.0,0.0,1.4887273194663613,0.76127855073572,0.17496207719090479,0.0,-0.11906200825854732,-1.527461643667558,0.07993331520543656,3.1376699785333084,0.49987652882677963,1.50011301535645,0.35402963523392733,-0.09129364667280898,-0.20252713345574494
1752109587.2245011,0.0,0.0,1.4782162844556912,0.7281537294619626,0.17407211818156046,0.0,-0.33348849370387457,-1.538382401548251,0.2839714756152001,3.1395930824724676,0.47826497590672506,1.4885678624782896,0.36260147852366903,-0.09537999540686128,-0.2035033405375096
1752109587.2912605,0.0,0.0,1.4680208888212005,0.6094682665267309,0.1303347753984439,0.0,-0.9197286515456201,-1.5516465053028465,0.8519898291236376,-3.139727177108579,0.4781406243956936,1.4750217488057835,0.37340532262397047,-0.09816712768813515,-0.20728296900130147
1752109587.427983,0.0,0.0,1.4583373416323455,0.5512110754360968,0.11351694021781006,0.0,-0.6935560037047018,-1.5486133919680585,0.6223717621143098,3.139745536464094,0.6621164540653136,1.4750487920040867,0.38846422505404765,-0.1041638157186978,-0.23829966830480742
1752109587.462008,0.0,0.0,1.4487716178361267,0.6515082714745816,0.1391698580003148,0.0,0.33961620826739597,-1.5579449591085104,-0.42078661199238726,-3.1406875542592374,0.662035684747273,1.479206140687593,0.38980914684525886,-0.10508786439698312,-0.23894942667569646
1752109587.5245047,0.0,0.0,1.4397431759766068,1.1105205374767058,0.2265086118520635,0.0,-0.7471449154291397,-1.5497216583235525,0.655978935823075,3.1413299623720654,0.42629818011670834,1.45541495103016,0.37013904657775787,-0.09828893157207066,-0.20246520355165676
1752109587.6244757,0.0,0.0,1.4313255899313266,0.5990057932911492,0.11675022865295745,0.0,-0.747472057551981,-1.5497450788397211,0.6562886349545919,-3.140709393002778,0.49823781027004227,1.449481072147853,0.397859788827241,-0.10536368376446104,-0.22148439054946187
1752109587.7269788,0.0,0.0,1.4239064369374448,0.6084598084066999,0.11248031823127135,0.0,-1.4549212226594337,-1.561881995656337,1.3547386229141378,-3.1336206560552338,0.7862851975633849,1.4429384977235336,0.391284740766428,-0.10603208662188458,-0.25182129806979553
1752109587.8244865,0.0,0.0,1.4174112681662518,0.8520612190062035,0.15295471730133542,0.0,-1.2148673389544644,-1.5320283951277025,1.1042710460247427,-3.124945130813206,0.7847796386073936,1.4349266360901014,0.38982201610270456,-0.10660316917814051,-0.2664072920934413
1752109587.9578178,0.0,0.0,1.4118633512697758,1.068873420542535,0.16650305486526795,0.0,-1.3309131352508643,-1.5430126830624642,1.2182008547936867,-3.137152054386097,0.9741456603527396,1.4297313139737957,0.3788853054334943,-0.10634131964847887,-0.30157775792313557
1752109588.058146,0.0,0.0,1.4074104983774132,1.1208774812788724,0.24322572551487692,0.0,-0.8326820947075586,-1.5334550224407173,0.7159994605065917,-3.136480302906665,1.0220774178182574,1.4153475529722142,0.3536492228651624,-0.10043488956026671,-0.3087621825821792
1752109588.191141,0.0,0.0,1.4038273919470214,0.8752336390492792,0.1268441863074717,0.0,-0.8333396374761421,-1.5334600532000557,0.716648584254276,-3.13523801299561,0.9878373695845414,1.4148352732912848,0.3612739035194259,-0.10709595193387206,-0.3523734117983132
1752109588.3245606,0.0,0.0,1.401126267961854,0.6104367546639345,0.11028604124062182,0.0,-1.166338132502671,-1.5508933332485688,1.0460413174743035,3.1386829479810894,1.0884394368308445,1.406958361892189,0.3457191493686265,-0.1054907025858824,-0.38718299297061454
1752109588.3912754,0.0,0.0,1.3994799153295812,0.5958923363848796,0.10312732035699684,0.0,-0.8081555241316378,-1.531199339451463,0.6867050293645179,-3.141288239610084,1.0875876764741013,1.4023881938657643,0.32102030887675603,-0.09986180630796325,-0.3779836161328633
1752109588.4578192,0.0,0.0,1.398467912665636,0.5429229238603427,0.0809237460103339,0.0,-0.8082327280944354,-1.5312091379554604,0.6867804236607047,3.1308170996310243,1.009849811049347,1.488690986286143,0.32735167038163676,-0.10022554851035552,-0.3746813304237279
1752109588.5286782,0.0,0.0,1.3982106992228573,0.71040657561029,0.1307656868919061,0.0,-0.8198194573669844,-1.54040757608526,0.6975708640573826,3.1271347863156267,0.9643620288338344,1.399342338429905,0.3113467757302557,-0.09234364612673719,-0.35798997784118775
1752109588.6244886,0.0,0.0,1.3985276549036683,0.6336876049485008,0.10083959307978961,0.0,-1.1218028013771053,-1.5530085364220754,0.9990650288950336,3.1259851564863297,1.0167192618855827,1.3965168878878915,0.3120212249572383,-0.09530979793541518,-0.38679389400830283
1752109588.760984,0.0,0.0,1.3996286633880637,0.6742297082333208,0.0975868969404078,0.0,-0.7596115890560303,-1.5375519558414632,0.640057615711281,3.119662913750913,0.9629849013994051,1.3955310457030046,0.2999695351018372,-0.09069435768853024,-0.3757206077786669
1752109588.8245409,0.0,0.0,1.4012871592032436,0.8953765788609198,0.16779430355888442,0.0,-1.1511287800604981,-1.5411629507603994,1.0331250241463321,3.1149764401365854,1.0286100118096204,1.3970237453975267,0.28892451816478565,-0.08744918318726089,-0.38558681240795145
1752109588.924504,0.0,0.0,1.40370133684571,0.5932451368330991,0.08344778351964185,0.0,-0.5211839486672816,-1.5302456735495178,0.40606362924646516,3.1118735558587582,1.0276624442448385,1.397199476802139,0.29577401691117555,-0.09138710512552992,-0.4139018070088051
1752109589.0244865,0.0,0.0,1.4067568431255977,0.7453735037728123,0.11261087332889769,0.0,-0.9448942203227839,-1.5328024102406839,0.8337525026595197,3.1049349137317996,0.8071078706984504,1.4003188152737955,0.313069762985384,-0.08794128226797715,-0.398316997437503
1752109589.1247716,0.0,0.0,1.4100826827211954,0.9058312332440432,0.13502742019918262,0.0,-0.9449269037059191,-1.532802300535778,0.8337854378044252,3.1016881603014266,0.8231334349975697,1.4017515471220476,0.31245365286741855,-0.08553448904435891,-0.397647101953329
1752109589.2244976,0.0,0.0,1.4138686780499832,0.5757831200515933,0.07746275403385239,0.0,-0.6030381012261139,-1.5277582024713772,0.4960536033658037,3.097691364576315,0.7914806499599721,1.4040024683839105,0.3157948045790562,-0.08305754501936781,-0.39306659420770834
1752109589.3244908,0.0,0.0,1.4182719678911335,0.5520157314007214,0.07180553495880024,0.0,-0.9457108089055545,-1.5175639783323485,0.8430064909382292,3.0892953683971776,0.8535856181886765,1.4072536320147055,0.3104930361953758,-0.07938527674021766,-0.3960662010878467
1752109589.4273734,0.0,0.0,1.4228030909745686,0.5818181889040408,0.06751868532283929,0.0,-0.6323239228894381,-1.5309629236049433,0.5340653528838699,3.089907501152462,0.775936842568862,1.4117219111219639,0.31759813770835416,-0.07641342038386252,-0.3883800972916432
1752109589.524523,0.0,0.0,1.4279237322200646,0.6656027873166787,0.0937383617778104,0.0,-1.031160410962256,-1.5179485216040256,0.9377321027380746,3.0848791003212632,0.8066526216622589,1.4161336899944201,0.3152650822079288,-0.07211301743933117,-0.38592379640030694
1752109589.65785,0.0,0.0,1.433293047806319,0.5701343357362731,0.06549098514854197,0.0,-0.6675352986992256,-1.5255581919281511,0.5812989973613515,3.079764225337936,0.7860375723787563,1.418301286333291,0.3190521210715354,-0.07009731836739916,-0.38472280040910023
1752109589.724508,0.0,0.0,1.4391318416948649,0.7740440150044765,0.06905676675734525,0.0,-0.9324134617339705,-1.5248938604619109,0.8515216171155985,3.078146517616325,0.808656174366396,1.4271480888910548,0.30581562304156673,-0.06387086563728944,-0.36655805547891757
1752109589.8579047,0.0,0.0,1.4451337767342998,0.7421368105742919,0.08298525617254845,0.0,-0.9058681790785054,-1.5434711613925391,0.8321107800192191,3.076008314222733,0.8225410164509376,1.4278259794333183,0.31939714310612827,-0.061980588607873026,-0.38689519277083667
1752109589.924483,0.0,0.0,1.4517081096508042,0.5926627359544807,0.05378287924705375,0.0,-1.358421079044829,-1.5430459979495488,1.290736512425127,3.0798041209526343,0.993899889055951,1.4367835981758565,0.28744490434093634,-0.05706002703484368,-0.38338851832288373
1752109590.1245022,0.0,0.0,1.458697574545774,0.6725542978592293,0.0598534911643457,0.0,-0.502798828708363,-1.531385767483311,0.44981054651153285,3.082486044314069,0.7674885735320176,1.4348508231489525,0.3355718826588259,-0.058049182570280876,-0.41607168817652695
1752109590.1579897,0.0,0.0,1.465888528056724,1.1623548482875483,0.12486163516625313,0.0,-0.9454418690735761,-1.5299703547084258,0.901711860077102,3.0802074324662634,0.7670765376395704,1.431458420483928,0.33587779311051386,-0.05798209896825426,-0.4174990722172147
1752109590.3245373,0.0,0.0,1.47358323023524,0.8824516799076442,0.047855060325220806,0.0,-1.0740351933544143,-1.5423482220599831,1.036896045706783,3.0786482539282485,0.903765411125444,1.4483895316245479,0.3101805281215614,-0.04945892139294923,-0.39505243473854146
1752109590.3959813,0.0,0.0,1.4817982112303925,0.5921743421349552,0.04393319701563979,0.0,-0.7694482228717918,-1.532226540538013,0.7404216389564492,3.071823859391789,0.902345910777612,1.4726926159113753,0.30092002922072447,-0.04225614450972419,-0.38402344304066444
1752109590.525878,0.0,0.0,1.4901689392920365,0.5729729330790884,0.04864439936405246,0.0,0.1360384017502345,-1.5307236353696472,-0.15044294140386139,3.063517456338662,0.8809211135977921,1.4727539350860817,0.3101576622705497,-0.03998722417924261,-0.3980417095469102
1752109590.6578243,0.0,0.0,1.4986348309686834,0.5718026748962481,0.03542866743079149,0.0,-0.03764221969917292,-1.5311132423320524,0.025193064935409973,3.082354234265104,0.43406494144420865,1.485737211049812,0.34261159461623464,-0.03585403756681741,-0.34150532644071546
1752109590.7245295,0.0,0.0,1.5069364028744772,0.7231877064370821,0.055920324989179135,0.0,0.3293633198664272,-1.5362330630896333,-0.33626744654762664,3.097595659656413,0.023678236666545786,1.5019038153381985,0.37512506724125305,-0.03437506762136358,-0.27520382111474095
1752109590.7592595,0.0,0.0,1.51447937812453,0.8033031429988535,0.04320825889851716,0.0,-0.23884533166798586,-1.5330758615070155,0.24090008228113238,3.097663112866071,0.023267675715912258,1.4992836354891892,0.3758133200878104,-0.03405330668705323,-0.2747233573811013
1752109590.9244957,0.0,0.0,1.5216730200275481,0.7523221467403004,0.050690533222534376,0.0,-0.5135672677388307,-1.5411646137789872,0.5193809966977807,3.0997170162532095,0.0963520209818447,1.5066114016772971,0.41207935088901726,-0.033136026497651724,-0.24399527111765867
1752109591.0244722,0.0,0.0,1.5271799892489495,0.5273654551900772,0.046883581996260915,0.0,-0.8917455071888297,-1.5458029894977974,0.9022964259130353,3.105413043783738,0.46282230258003765,1.5225400256827069,0.3900439705434823,-0.03147525189782305,-0.2332945294145031
1752109591.057854,0.0,0.0,1.5310035956505095,0.48802995765092566,0.05033345527077439,0.0,-1.8701807359534668,-1.5609090257332146,1.8851256135618424,3.104813841586237,0.4626548498453905,1.5209914610201316,0.39081357444524134,-0.031162294204958422,-0.23235851459774937
1752109591.1578114,0.0,0.0,1.5334104759520628,0.6904971377649987,0.043271498734254885,0.0,-1.8695391089883873,-1.5609037636750842,1.8844870095057777,2.2696536454542127,0.6781615511663204,1.5294065700583355,0.3621556469742125,0.02104549526942201,-0.24125961854996614
1752109591.2245631,0.0,0.0,1.534305356564111,0.7828350762022614,0.061148180821935884,0.0,-1.192516324840612,-1.552247086718376,1.2075229873769047,2.4611870249215273,0.7926735566437549,1.533310746937657,0.35507222569718655,0.03285519903889371,-0.24000498393058675
1752109591.2941823,0.0,0.0,1.5337487472166504,0.5580631961168692,0.04742986722661178,0.0,-0.7828763387494504,-1.5418346843711466,0.7968762485304651,2.4616441862386664,0.7917805112106062,1.5342011473950268,0.3629836795835516,0.05111480088957255,-0.25050881660649954
1752109591.4578128,0.0,0.0,1.531783698290695,0.49825513554925716,0.05885427602048221,0.0,-0.14117478382524654,-1.5397353079463991,0.1549064337665983,2.7263639429232978,0.5940836131047967,1.5362882080790925,0.3820923893887731,0.047530434190170764,-0.2434837940167607
1752109591.5251853,0.0,0.0,1.528800157339734,0.657694063110319,0.05754667948357241,0.0,-0.4673918209632238,-1.5278997952941713,0.4792219700096263,2.8693296881201693,0.5469067884569192,1.5344008790394195,0.3533970585879345,0.03628153010938014,-0.2161677295292822
1752109591.6244807,0.0,0.0,1.5249868503483475,0.8961845870183736,0.08161420405137534,0.0,-0.4930862936310402,-1.5420423902476041,0.49492064903104993,2.872232238435645,0.5476625806446792,1.5326603361109574,0.3680937130183145,0.039007046534939235,-0.22299453597530508
1752109591.757833,0.0,0.0,1.5202941641294383,1.138411188581374,0.12642322973238576,0.0,-0.2842559543922227,-1.526803042784835,0.27952976031694826,2.9388997294511086,0.5677464802684751,1.5315930895765446,0.3672740580381025,0.037577193634248746,-0.22123407214897503
1752109591.824536,0.0,0.0,1.5147649504055274,0.6798565374655002,0.08020897283062926,0.0,-0.28422540802824114,-1.5268020381193914,0.27949842437696665,2.966660823968855,0.524626407468374,1.5246030014364333,0.3559597296498393,0.03097209863134125,-0.2067331377879356
1752109591.9245203,0.0,0.0,1.5085283369004703,0.5465250129840856,0.07223947901372185,0.0,-0.6693674980418056,-1.5312441674956037,0.6589293629938208,2.9923669973678066,0.5476982961396272,1.5214902100353334,0.3727349229441187,0.02864090098046329,-0.21855249141279592
1752109592.0244918,0.0,0.0,1.5017487875921753,0.5515965632371354,0.05860473416862861,0.0,-0.8368637215366687,-1.512355233474734,0.8188344749648672,3.032085882798196,0.6554638302993454,1.5174165718292354,0.3666769813268531,0.025493228638395336,-0.2300463321439723
1752109592.0949438,0.0,0.0,1.4939208296459805,0.5707575121295534,0.07157525895682557,0.0,-1.0500248592513397,-1.5288956247995804,1.021033117802301,3.036076318699573,0.6554978399821629,1.5080161684919702,0.3639549571690185,0.022328381904833876,-0.23212633989174603
1752109592.25789,0.0,0.0,1.4855175458206535,0.6315785475399787,0.10038889265859785,0.0,-0.8637165759601662,-1.533046326610664,0.8308246717165974,3.0928109655511484,0.8451590147698924,1.5136233111288886,0.36506274502362707,0.02146586685073515,-0.2684705886580281
1752109592.326966,0.0,0.0,1.4763644674822873,0.9585240031188623,0.1270163713653218,0.0,-1.2918100705706768,-1.5163134755941865,1.2461214331052914,3.099289440676717,0.8445055422878311,1.4938278584368643,0.3331976264535355,0.013122329513470445,-0.25271150717842944
1752109592.4279776,0.0,0.0,1.4668216832782013,0.6111263707573524,0.09320945916099488,0.0,-1.138284202836148,-1.5240835782362483,1.0876446856196096,3.1135239953200156,0.9725368306198411,1.493720646867983,0.3346798243045714,0.009908856700125732,-0.2889872756769221
1752109592.524519,0.0,0.0,1.4563824521382516,0.8518119308101209,0.13499246466716436,0.0,-1.3989379814005594,-1.532239178368245,1.3364925971497275,3.1329782688176557,1.1302908803972753,1.489709966834269,0.3143359379828015,0.005996370513113971,-0.3128610518348565
1752109592.624532,0.0,0.0,1.4450936344515661,0.572551378033454,0.10875450652011358,0.0,-1.0000165747110372,-1.5406246729624635,0.9280642236196756,-3.1317720984767243,1.1127303963113289,1.4792320788226274,0.30263875401092655,-0.00040564335849677764,-0.3263852099046546
1752109592.7578256,0.0,0.0,1.4333491174132578,0.5104254275033304,0.07523984140906202,0.0,-0.4022901817744279,-1.5274776851255836,0.31616013968142626,-3.1208697514531996,0.9993718058658139,1.4975349855585784,0.29654832516640967,-0.008825403320002879,-0.33004200705544673
1752109592.8649821,0.0,0.0,1.420753900353158,0.6816471131571568,0.12532614267969833,0.0,-0.8508977697807893,-1.5455851940049607,0.7421978352559523,-3.1305361385086643,0.836145000441763,1.453537749788059,0.29170943572446595,-0.014069579142217925,-0.30590002879119293
1752109592.9578168,0.0,0.0,1.407526265567054,1.3536929462243028,0.27093910866383014,0.0,-0.7428153839892281,-1.530166318628643,0.6198808045002062,-3.1253933928598983,0.8383668292759454,1.4389064800257856,0.2883636016779367,-0.020970173545301042,-0.3068191331637102
1752109593.0244863,0.0,0.0,1.3935657373733135,0.6965751121819728,0.14718711217530836,0.0,-0.7428007441155496,-1.530174268309321,0.6198565496299655,-3.1301229063036202,0.8135740209683457,1.4211013459877186,0.2933388071781233,-0.028146402748860253,-0.3115144468298978
1752109593.0912933,0.0,0.0,1.3791964672540749,0.6415765980351907,0.13985621731414,0.0,-0.8005511878786145,-1.5448889349068788,0.662964446588847,-3.1201079942350094,0.8126455029017691,1.4071565429195747,0.30674330608577793,-0.037657545198502125,-0.3291834115326004
1752109593.191154,0.0,0.0,1.3647225639627911,0.5389690163490819,0.1037972261929354,0.0,-1.2716411798482732,-1.5492687501072275,1.1043129840086927,-3.1179436191183134,0.808087597748407,1.4003063828757232,0.3187131063292906,-0.04617035784055079,-0.344621173689372
1752109593.3578043,0.0,0.0,1.3507029566332553,1.6031187239754172,0.3367477506784294,0.0,-0.9498426140640326,-1.5391672702536652,0.7750709220110763,-3.0912112124309408,1.0441493077136497,1.4128557581240637,0.2951211471225329,-0.04990636710072643,-0.36789138331302573
1752109593.424497,0.0,0.0,1.3375550234339544,0.7223443811165815,0.1593645554090585,0.0,-0.9495637728882322,-1.5391544087716367,0.7747745216846469,-3.0912712369496123,1.0248844904928625,1.3664306114219757,0.2669437275256315,-0.05111878103858853,-0.3376931499449451
1752109593.5244882,0.0,0.0,1.3251013351540855,0.6070167246666964,0.14308593648196777,0.0,-0.737172946493236,-1.5199960943662638,0.5487698620056903,-3.1124989075286282,0.9243638980202455,1.3523124673783127,0.26828129572021586,-0.05615083167829717,-0.3339158230320274
1752109593.661987,0.0,0.0,1.3138846523935748,0.49933706534062205,0.10345606264231243,0.0,-0.39012974308131765,-1.5309322560406131,0.19030183680019003,-3.126543544766871,0.7380700559993042,1.3459709524621564,0.28975890539923127,-0.06414938024767124,-0.3351907631600557
1752109593.7245123,0.0,0.0,1.3039008388681232,0.6895162282213858,0.17646778993706905,0.0,-0.27741919555208705,-1.5507177335681357,0.06369613013643499,-3.1197977304265936,0.7377084519595836,1.323341626934891,0.27587933885052657,-0.06472867782950893,-0.31071157779770914
1752109593.8244772,0.0,0.0,1.2954842113209155,0.4856952582312434,0.09644361130540662,0.0,-0.3946125446580128,-1.556988034421888,0.1765439059148966,-3.134739490496955,0.543875292421101,1.314818410031803,0.3038190713645175,-0.07232267879515694,-0.3040577085221334
1752109593.9578118,0.0,0.0,1.288037392862472,0.4356402978574045,0.10940694631166883,0.0,-0.3667841816489659,-1.5427999659496843,0.14257218119780132,-3.1336826618895213,0.5195219821105539,1.306336644109014,0.30704311535135564,-0.0745819944586706,-0.2886313612415821
1752109594.0259342,0.0,0.0,1.282029444395063,0.6165818520464539,0.13338579841834372,0.0,-0.5068719325179272,-1.5555628715142553,0.27633084429173127,-3.13862059363715,0.5155896813213428,1.2925829585282003,0.29538445780692496,-0.07445274927555048,-0.2623598480134371
1752109594.1627467,0.0,0.0,1.2772896144035855,0.5760067221297392,0.1220314006570966,0.0,-0.5073602066204883,-1.5254779640397995,0.26970051256496985,3.139852632530543,0.4521500930002862,1.2898349380064689,0.3141585003372585,-0.07973202008464696,-0.2562612510555698
1752109594.297981,0.0,0.0,1.2734387744438436,0.8457605731030343,0.19873556063348624,0.0,-0.6512699822161122,-1.5416491789877977,0.41151506910026464,3.1364886066694266,0.4584531180679181,1.2755949549627743,0.32497025268118584,-0.08417416874843828,-0.23732068680936672
1752109594.394968,0.0,0.0,1.270711737914305,0.4906932967130238,0.10386014809383687,0.0,-0.6512511760360549,-1.5416503440543676,0.4114960604393342,3.1347287102139614,0.4901559122756653,1.2732009473475017,0.33678071086749856,-0.0881341751777961,-0.23906161819586028
1752109594.457814,0.0,0.0,1.2690288089882615,0.48311703483475177,0.12053339337813629,0.0,-0.28552079038323325,-1.5286780129035702,0.0442320057134908,3.1279360109567804,0.44394760534482725,1.3101537372858019,0.33998899790423526,-0.08886837629895378,-0.23436997285506403
1752109594.5609772,0.0,0.0,1.2681993856878253,0.7302331696432949,0.14793255391358506,0.0,-0.23242419493061092,-1.5365965590151056,-0.008389615756799166,3.1251328985145506,0.4056835599033799,1.2705019370342276,0.3230330689522165,-0.08568605196612167,-0.20212689737782327
1752109594.6244836,0.0,0.0,1.267970859179587,0.6619043373125585,0.13962919201059862,0.0,-0.7662885590518401,-1.532166429407436,0.525593813460929,3.1217738897386695,0.4640278675731015,1.2677546147492773,0.3226102066867458,-0.08530208103109883,-0.20028669906104596
1752109594.7244792,0.0,0.0,1.2686607945444395,0.5168810022284094,0.10873459924580187,0.0,-0.37569708407707736,-1.5451558312266376,0.13762404491176097,3.1213162779950725,0.4484746440090328,1.2675350991901648,0.34057383624310805,-0.08978303481035486,-0.20224087615806993
1752109594.7911522,0.0,0.0,1.2698106342704143,0.5125336378017952,0.10086093287668542,0.0,-0.3717607811599943,-1.5246967188160852,0.13782517815331644,3.1216344243830827,0.4475408355344147,1.268369869773473,0.3434886186810106,-0.09001332926026633,-0.1969225927539789
1752109594.9279768,0.0,0.0,1.2715554167251477,0.5256712556432569,0.09784333590089962,0.0,-0.8811534846285577,-1.531322427386972,0.6513287083144906,3.1127870787036542,0.43706452802308426,1.2660043921220143,0.36079274319188187,-0.09357491558646651,-0.19754965558409016
1752109595.0590363,0.0,0.0,1.2740778558131334,0.8269835348331733,0.14286421553626508,0.0,-0.3751750638086729,-1.5298160536775194,0.14989212540080152,3.1097349014374025,0.5135340697163494,1.2666893452925272,0.34127807430563506,-0.08886143906858887,-0.18957467216107468
1752109595.1914513,0.0,0.0,1.2769240885967321,1.0540989989184792,0.15762233514574409,0.0,-0.3755796138168483,-1.529814595791543,0.15030018309854362,3.1043785881433132,0.4563521385656517,1.2710972597292223,0.35656405448202183,-0.0880186706883924,-0.1859582328259441
1752109595.2911453,0.0,0.0,1.280508685554153,0.4989738566852661,0.07788730021770998,0.0,-0.2637466421836362,-1.5152368330555868,0.0441011773586752,3.1001259908391177,0.4241662450529099,1.2762315104770081,0.3716898663234907,-0.08625830288344877,-0.18444194906799022
1752109595.325554,0.0,0.0,1.2844851596945346,0.6260573274169039,0.11063686839601694,0.0,-0.753640205689577,-1.5166002603122235,0.5408115786059529,3.099643773564381,0.42366291837832426,1.274757019014766,0.3722238594176855,-0.0867014312161579,-0.18341460007802407
1752109595.45999,0.0,0.0,1.2890346521600267,0.7385370157078553,0.10350821317925349,0.0,-0.7536839611405384,-1.5166092411112955,0.540858867894706,3.0872605171716607,0.6140195888942257,1.2773202849875778,0.34777224372617493,-0.08143432372475153,-0.19445545307653667
1752109595.5599825,0.0,0.0,1.2940871204480129,0.9076823790328122,0.13640040638194662,0.0,-0.9122025401239505,-1.5303842586058845,0.7042824792342539,3.0878856477283456,0.7030202067722325,1.282305592079791,0.330909245512695,-0.07533261743855252,-0.19973168791057674
1752109595.692988,0.0,0.0,1.2994107795536791,0.7493225987019958,0.09128258160374869,0.0,-1.0284861332835002,-1.5420524031016754,0.8254711399805411,3.0854314097850715,0.7418768505177342,1.286478956480128,0.34725785399220205,-0.07579159072782701,-0.2306865379472193
1752109595.8269737,0.0,0.0,1.3051089257967219,0.5604162402442966,0.07992671033750919,0.0,-0.443227277977514,-1.5366964908718614,0.2523162624568715,3.0882452040561867,0.6469319067465814,1.294505935931422,0.3548009804945266,-0.0735500117191874,-0.23660809893381302
1752109595.9911542,0.0,0.0,1.3176324237632693,0.8817848566808438,0.10268566025611751,0.0,-0.6856205568860132,-1.513368212289173,0.5023897761724188,3.0798606427249613,0.6566976869144768,1.3009005686419857,0.3594194855147789,-0.0695566210112706,-0.245569292658967
1752109596.1244895,0.0,0.0,1.3242002150921095,0.4957191667900919,0.06069276542038374,0.0,-0.5808513594585134,-1.5396623161745155,0.40876863760765825,3.084681192671522,0.63672523248616,1.312736524491234,0.3525510119531131,-0.0643336253661222,-0.24143712058944708
1752109596.326978,0.0,0.0,1.3384443320476798,0.6445060474618949,0.05697816042128589,0.0,-1.1967832498612274,-1.5165987423505587,1.0391520053043375,3.0679425991915945,0.9198812833365454,1.3094309748131199,0.34432552864852983,-0.059710259607222156,-0.2778290471215262
1752109596.6252444,0.0,0.0,1.3626576070627523,0.6806678272770812,0.04502090741598538,0.0,-1.0567703604499108,-1.535634000495624,0.9227460797677267,3.0532710855370766,0.9111895509822859,1.3132751560577278,0.3435519986176361,-0.05254241471329959,-0.32372100513437335
1752109596.8244843,0.0,0.0,1.3803086970136578,0.5880972944539787,0.0450939212815842,0.0,-0.432028292744115,-1.5161582059386378,0.3191197061264953,3.0548458102178113,0.7907503410878367,1.349538788738479,0.31415207705992576,-0.04036187792171221,-0.30956411585044813
1752109596.924493,0.0,0.0,1.3897098415206122,0.6409667992131287,0.01279347884710523,0.0,-0.7137836607638872,-1.5292361621722346,0.6129880770252182,3.0460080720091938,0.7885435586502842,1.3765825408748826,0.2947276009413855,-0.02993456144756392,-0.29173212001590915
1752109597.0249164,0.0,0.0,1.3994054190902592,0.5460687291385589,0.030893056659811048,0.0,-0.8199879558996028,-1.5326654068750822,0.723104788338693,3.0700780438898008,0.7675466736049046,1.3857925847716888,0.2974712730001652,-0.027542373886933678,-0.29435515468192264
1752109597.1589918,0.0,0.0,1.4193651868291552,0.7520195722805676,0.03118652813919513,0.0,-0.9157058530888138,-1.5095642569127585,0.8316555599962031,3.0584383929762406,0.7967360703700208,1.3897073318278965,0.29450019529370014,-0.022324706651607382,-0.2982137250270204
1752109597.258225,0.0,0.0,1.4297097124863225,0.6278214494482223,0.005029565101735065,0.0,-0.8703755958349093,-1.5245833435931535,0.7969101547544156,3.0527064937181665,0.8047985984273338,1.4043481933108075,0.2828635495795596,-0.01755302855268292,-0.2891627739552425
1752109597.358042,0.0,0.0,1.4406178629366584,0.6223478554563407,-0.00461411130862744,0.0,-0.27108265419561317,-1.546736260586554,0.21658551114013097,3.0685528764622347,0.7947661709550636,1.4145314690975606,0.2835047836344381,-0.013849135070490624,-0.29134893173200277
1752109597.4299724,0.0,0.0,1.451362259825555,0.8080899697905755,0.018369008743275874,0.0,-0.8017974044285839,-1.5276075500756177,0.7601961823420454,3.0833383903961753,0.5993770430716578,1.431052638072105,0.2979857000981201,-0.010363080675192307,-0.2786772298309072
1752109597.5578117,0.0,0.0,1.4626261103128904,0.6490491910495709,-0.00884290288200393,0.0,-0.8019949153970308,-1.5276107722327925,0.7604038786784467,3.0758571272208446,0.6361487349979393,1.4337842221033463,0.31129897776569593,-0.007352019604739845,-0.28811363528759854
1752109597.6245265,0.0,0.0,1.4744095810743014,0.7826073452771611,-0.005834778804700028,0.0,-1.090818245402905,-1.5195781077795956,1.0600938426238236,3.072714670237115,0.8196471240911364,1.451501181653258,0.2929628411625702,-0.0029045212710988935,-0.28773599066753164
1752109597.724486,0.0,0.0,1.4859632890595396,0.5208716905550138,-0.0008070245506021098,0.0,-0.817839880877686,-1.51896495503176,0.7973206950811201,3.062034136708826,0.8173136794794529,1.4575427296342052,0.30385816319555314,0.0015623469438368516,-0.3057524213548665
1752109597.8245099,0.0,0.0,1.4982091499757364,0.527539883587123,-0.02698151149682435,0.0,-0.4924682920484074,-1.5317164968224437,0.4856170573374559,3.055753013737533,0.7737838878684042,1.468745841117274,0.30454588654273473,0.005255231275043444,-0.30442071943780574
1752109597.8929708,0.0,0.0,1.5104110109984903,0.5818673334211661,-0.01512469176312462,0.0,0.0627607405497842,-1.5289040904579299,-0.055433239463180135,3.047663526237619,0.771833044178834,1.4864711427313875,0.30386561767937675,0.011005247932989268,-0.30371760237915735
1752109597.9939926,0.0,0.0,1.5231379124543916,0.4945157366620926,-0.022159766625865288,0.0,-0.38119860517044535,-1.516829263466078,0.40305188339477077,3.068736690329109,0.4232071408822468,1.4971163492612372,0.342610420240778,0.01380502966452056,-0.2877519053948897
1752109598.1261714,0.0,0.0,1.5361002251889644,0.6830122081940859,-0.031984706356166785,0.0,-0.4828281181024783,-1.5231863819641491,0.5122714105028655,3.070619746996236,0.43597083877358506,1.504106768586896,0.3460110688300671,0.01775136613616942,-0.27435256329025526
1752109598.2244759,0.0,0.0,1.5493754292300055,0.8379951028880733,-0.054673873807723594,0.0,-0.08765256544674543,-1.5313768911312262,0.1314086206104759,3.076014899883785,0.3323773519673137,1.522306646101421,0.3451202101368949,0.01999286748785884,-0.24271715885747838
1752109598.3265886,0.0,0.0,1.5633311278556647,0.6780303341940344,-0.05088796536168121,0.0,-0.4951522927245105,-1.5252637549917285,0.5517995340914019,3.0764520881425454,0.3761715678085551,1.5396489307395258,0.33341375748788327,0.023104088508378667,-0.221356522097936
1752109598.4245517,0.0,0.0,1.5775654434018977,1.0936284783554906,-0.0860514635178178,0.0,-0.921959924079871,-1.5208566868051703,0.9969887386337173,3.071972270878348,0.522332078682084,1.5466354616336158,0.3433671542043031,0.028258746324860945,-0.23356010105857897
1752109598.5245552,0.0,0.0,1.5922964867263785,0.8758091646972377,-0.08531591742329207,0.0,-0.31063214350821133,-1.525050901001498,0.4086205646969759,3.0636414262142644,0.5199447417577232,1.560563300738609,0.34623913385354577,0.032599665979584844,-0.2287635993649982
1752109598.7244964,0.0,0.0,1.6073954714245873,0.6859772545764046,-0.07364674219365189,0.0,-0.3945575729251474,-1.5173194552654177,0.5105038710030798,3.068476898986498,0.4316851126460174,1.5664136190062572,0.37469680507287234,0.041355975663248196,-0.22671789768784847
1752109598.8244784,0.0,0.0,1.6228632294275485,0.49482516199568694,-0.049281845127787015,0.0,-0.6841059300821906,-1.521331734825837,0.8160504107401026,3.06569399678307,0.49311454158012874,1.6050550448565242,0.34955526749049265,0.04315577782370551,-0.20412136389411378
1752109598.9248798,0.0,0.0,1.6385380091331256,0.5479999460608128,-0.07071582957253456,0.0,-0.8628629818421767,-1.5339202173508317,1.0125070916599015,3.065975954617297,0.6032944568988984,1.6189060922252878,0.3440956616256734,0.04770275023354219,-0.20823090914630374
1752109598.9609702,0.0,0.0,1.6546959528080285,0.5218560019427568,-0.06012985572334717,0.0,-0.6730733834551647,-1.520138852364516,0.8359789997639004,3.0620103400080154,0.6025469068139504,1.6118680775988985,0.34426297374754095,0.04859143424310298,-0.2074773417924338
1752109599.0249844,0.0,0.0,1.671132152652752,0.8128230070911328,-0.10053679632034025,0.0,-0.7599378052171798,-1.5405211051076888,0.9488265957843348,3.06658965261557,0.6310252650287085,1.6416713829036678,0.3248390345003165,0.0491384404606578,-0.19840810094533978
1752109599.2245097,0.0,0.0,1.6877713427366379,1.043676970124684,-0.16808513201397116,0.0,-0.8215808324103929,-1.5305633110294128,1.0191729602987125,3.0524857589059238,0.6718655639192348,1.636193421703381,0.35304033676387847,0.06163255731394008,-0.22771659027635532
1752109599.2932303,0.0,0.0,1.7046104135091362,0.5216034152748811,-0.07959778867034192,0.0,-0.8859990065906185,-1.5476505903764992,1.1033041637838232,3.043509332691288,0.6689094717097763,1.6898208432564044,0.32380080952723994,0.06201398499611018,-0.21055172774445666
1752109599.357844,0.0,0.0,1.7216072124254231,0.5190296533710144,-0.08940614857547664,0.0,-0.8859640556269462,-1.5476497565354654,1.1032706163105475,3.0457927041584627,0.7013596532877377,1.7288228747741192,0.3223372811213392,0.06327114358286813,-0.21174814928479474
1752109599.4578278,0.0,0.0,1.7387101154801359,0.4774936180344171,-0.08924656940767801,0.0,-0.7363079075877182,-1.531316663290662,0.9721629050126274,3.045446877786416,0.7080789004860389,1.6988005159943,0.30425989001975695,0.06580497816536024,-0.20334226547955048
1752109599.5309865,0.0,0.0,1.756185053266243,0.7138994580949806,-0.14248702498762955,0.0,-0.2992318432697767,-1.5301224977884282,0.5521881401804174,3.059057652793424,0.5602370429873043,1.723594173782125,0.30764546467099696,0.06834510969171656,-0.1902632599249573
1752109599.660056,0.0,0.0,1.7739353359273562,0.7610068843076884,-0.15911672221537512,0.0,-0.758801647530965,-1.5172515880691273,1.0329104465906884,3.0519251673983163,0.6260792609814877,1.7280500315610237,0.31076630432730695,0.07539814771350212,-0.19928765399291976
1752109599.7244997,0.0,0.0,1.7918823273200577,0.5281905519596266,-0.11628838672964088,0.0,-0.7032996889449807,-1.5279861813208255,0.9896700769587036,3.049782153139544,0.6335186730210355,1.7598299945473883,0.2956828797103044,0.07586113716166473,-0.19026068375616126
1752109599.857831,0.0,0.0,1.809886225541505,0.40739704869848387,-0.09343847271579782,0.0,-0.5322449737438024,-1.5444241108550294,0.8390354623929333,3.044508431950021,0.6124097549974871,1.79696779471826,0.30419241489484955,0.0839385912871457,-0.1955224440687295
1752109599.924803,0.0,0.0,1.8281981092379875,0.5102079146262969,-0.13192797327358927,0.0,-0.930728431233572,-1.5354656230682628,1.2514201168948518,3.0559209035462853,0.7324651448644226,1.7936831936928146,0.28103019855040445,0.08338236604010721,-0.19531404700981225
1752109600.0629704,0.0,0.0,1.846632930552283,0.8500044009342602,-0.20686105292459386,0.0,-1.275300118657425,-1.5246714672888273,1.618858100840147,3.034477262907335,0.9298865042106018,1.7855826351133666,0.2726487959678478,0.09201132673526503,-0.22159749249717267
1752109600.1245017,0.0,0.0,1.865251623892907,0.5160527016482145,-0.1373425189450387,0.0,-0.8900705633468994,-1.5159520506362245,1.2601449413274732,3.0196336599397107,0.9250877896207311,1.8279122739750309,0.25139450154170234,0.09050785485356029,-0.21201329272694291
1752109600.257821,0.0,0.0,1.8841391873293991,0.361598254645872,-0.10719839027642368,0.0,-0.817540848529446,-1.524341606109754,1.1975197583810342,3.0167213940000597,0.8939080025616565,1.8748585712916646,0.25376561617074234,0.099558962901622,-0.22457519735342765
1752109600.3578477,0.0,0.0,1.9032930327380928,0.6709709104799059,-0.20714123450126717,0.0,-0.8777484956957033,-1.5368368625940385,1.2778144287442814,3.019143757946015,0.8852627955464955,1.8544349253826455,0.23392743810618824,0.09904628715072916,-0.21154629573719164
1752109600.4244814,0.0,0.0,1.9221692765229164,0.6246406312044118,-0.21873314360771384,0.0,-0.6437635173343601,-1.5271462394842876,1.060551517382519,3.0266488727546754,0.8231313656586928,1.884750023583912,0.23002260356719997,0.10176127433276695,-0.20682873776909025
1752109600.5244985,0.0,0.0,1.9413805935337693,0.3485438398913432,-0.1219309721780052,0.0,-0.7462611105973911,-1.5397026999260153,1.1820989796166435,3.0330836103269228,0.7947322976577192,1.8946454803478114,0.23378236202945626,0.10975014890069099,-0.21286622310405143
1752109600.6578379,0.0,0.0,1.9605956358760346,0.3389233507874754,-0.12841874984999965,0.0,-1.0524579652207475,-1.52503835174581,1.5061170859708957,3.017873468370686,0.8550233093380699,1.902234150018164,0.22097056275357174,0.11346585878203787,-0.21200183326013347
1752109600.7244735,0.0,0.0,1.9798437029778246,0.4447718634339365,-0.1764043318389683,0.0,-0.6047293529059348,-1.5126323233994698,1.0906531314014662,3.003370988663992,0.8498797372009788,1.9413217399541165,0.20537502743916417,0.11275179717918883,-0.198545761487205
1752109600.8289702,0.0,0.0,1.9994023445270024,0.3847526839752672,-0.15324141139458883,0.0,-0.5048626251205799,-1.5195669063269224,1.000506264537088,3.0366220495314087,0.6800698203010972,1.953608037382354,0.21611745246728328,0.1192435720828641,-0.19361861655624077
1752109600.891199,0.0,0.0,2.018975205246307,0.383075989659796,-0.16979622893314114,0.0,-0.6811966939582749,-1.529874027316997,1.197087739933983,3.0269235961533,0.6772746069052243,1.9838630079878838,0.2100957807499913,0.12001740129528,-0.18528055476189978
1752109600.991138,0.0,0.0,2.038923397861935,0.32494132777551765,-0.14922361632711403,0.0,-1.0463835102219554,-1.5259647628478081,1.5820201749052765,3.040307443605439,0.6748796466305791,1.9941008443489345,0.21379638561901904,0.12741128145791034,-0.18754460776126555
1752109601.1929693,0.0,0.0,2.058803449828166,0.3121533630296107,-0.1478403091401948,0.0,-0.7669835383324588,-1.5206037984575118,1.3217034196800543,3.0225086764772975,0.7646987518706534,1.9934192236256305,0.21065153238706733,0.13981846718882018,-0.19328497318393062
1752109601.2989862,0.0,0.0,2.0788569797373166,0.2753633920934483,-0.12405279483359025,0.0,-0.51379277881016,-1.550613152308677,1.1084534545415763,3.0282692154001154,0.7592708520858883,2.0495828118506636,0.1887199525924093,0.13212322825294814,-0.172071967088295
1752109601.3578274,0.0,0.0,2.0990266713316847,0.3081273507881048,-0.16213881068418973,0.0,-0.5138115914848664,-1.5506120038493696,1.1084736905923755,3.033866114811101,0.7157284760509155,2.095584194452474,0.18796276963874656,0.13349161047078315,-0.1694693394573147
1752109601.4319873,0.0,0.0,2.119474097202199,0.3957425933463243,-0.2033613586954303,0.0,-0.6584528735986188,-1.535215838807914,1.2709518461627476,3.0542985144058328,0.6873025643697489,2.0793650625894586,0.16910065101127184,0.1239510562231245,-0.14698696288890903
1752109601.5245197,0.0,0.0,2.1400238919735526,0.34081342930371744,-0.19635217763184531,0.0,-0.5578329036072713,-1.5192912962893068,1.1915015677374228,3.0520965576025185,0.6425944550917951,2.0960492507324986,0.1723483914979454,0.12981273636784763,-0.14557648636038745
1752109601.6245544,0.0,0.0,2.1604963714770453,0.3003561935806536,-0.17310693749538475,0.0,-0.8141659354582763,-1.5145385494103085,1.4634126389988171,3.041595150334034,0.6717685200376137,2.1139967083891484,0.16753174876336038,0.13331024128567828,-0.1413066493327016
1752109601.6922321,0.0,0.0,2.1812147691165484,0.23834340971024362,-0.1520210990979909,0.0,-0.9765128722638127,-1.5351623848154066,1.659751117790759,3.0305151157531593,0.6684240581541451,2.142990155791863,0.16500833787411773,0.1357768966488218,-0.13695212924285244
1752109601.8578212,0.0,0.0,2.202000929321245,0.29149057774271664,-0.18078468632561337,0.0,-0.7752795872471031,-1.532245375839603,1.4688073837436888,3.030346688045433,0.7969004922101809,2.132159348476325,0.1587856107534664,0.14495044696803094,-0.14168226795727215
1752109601.9578342,0.0,0.0,2.2227988877122513,0.352387043332158,-0.25322916893355973,0.0,-0.19034440354996043,-1.5403474209462522,0.905661656615435,3.0519120311461787,0.5615615745622657,2.1774195062626,0.1481084590775122,0.13493897156077442,-0.11487693908059608
1752109602.1244917,0.0,0.0,2.243720238499618,0.28888777984635844,-0.18939457823966077,0.0,-0.41609427042405195,-1.5190171098238345,1.1721963508465474,3.0516211310689787,0.5359971374771026,2.192394378918179,0.152638915469998,0.14701873836310952,-0.111307588777562
1752109602.2244854,0.0,0.0,2.2649541826516493,0.2852716466800272,-0.21054614034247476,0.0,-0.4692612923621686,-1.5310219673902294,1.2449275212283009,3.045268362091406,0.5242328207993195,2.2404156376387743,0.1458207475190871,0.14492415760998195,-0.09954230529672894
1752109602.2949815,0.0,0.0,2.286058601437881,0.22907609078684532,-0.18016007159153757,0.0,-0.6249090837848655,-1.5449682692678015,1.4259043290049394,3.036426130908289,0.5211611178280148,2.2688258542703252,0.14304656865767798,0.14648225058810488,-0.09332409757364338
1752109602.3578293,0.0,0.0,2.3075139424879145,0.15996069040487373,-0.1433623072037207,0.0,-0.6248965652085431,-1.5449567717341013,1.4259070947250498,3.0498062844806793,0.5466855567237294,2.3298083966859418,0.140057181169093,0.14765421688978295,-0.09227829951626354
1752109602.4269829,0.0,0.0,2.328654181355632,0.35109079373891317,-0.25694677082161343,0.0,-0.5166361333008451,-1.5311800977977525,1.3364528054960207,3.0569127984451328,0.5359098764243017,2.2903093555877154,0.13014727697424475,0.14314679671383523,-0.08205305844131129
1752109602.5244894,0.0,0.0,2.3501424083520144,0.23493694550646,-0.2138781724547236,0.0,-0.8132428847619453,-1.5145631234523669,1.6536581134517396,3.050615245010823,0.6240262376964794,2.3032266745236694,0.13059608715891136,0.14957471888110266,-0.08521036653876146
1752109602.6244888,0.0,0.0,2.3714244822493433,0.19037977583942678,-0.16489352445666128,0.0,-0.7578723325568362,-1.5263223294014148,1.615144442034063,3.0514495610664145,0.6739191480871076,2.3228791048777495,0.12470364856113943,0.15184194196290451,-0.08320411244367899
